Country name,Year,life_evaluation,gdp_per_capita,migration_ratio,social_support,healthy_life_expectancy,life_expectancy,interpersonal_trust,gini_coefficient,region,alpha-2
Finland,2025,7.764,,,1.638,0.939,,,,Europe,FI
Iceland,2025,7.54,,,1.72,0.996,,,,Europe,IS
Denmark,2025,7.539,,,1.633,0.93,,,,Europe,DK
Costa Rica,2025,7.439,,,1.483,0.739,,,,Americas,CR
Sweden,2025,7.255,,,1.57,1.027,,,,Europe,SE
Norway,2025,7.242,,,1.626,0.983,,,,Europe,NO
Netherlands,2025,7.223,,,1.539,0.922,,,,,
Israel,2025,7.187,,,1.606,0.925,,,,Asia,IL
Luxembourg,2025,7.063,,,1.465,0.981,,,,Europe,LU
Switzerland,2025,7.018,,,1.534,1.017,,,,Europe,CH
New Zealand,2025,6.995,,,1.58,0.924,,,,Oceania,NZ
Mexico,2025,6.972,,,1.366,0.631,,,,Americas,MX
Ireland,2025,6.928,,,1.558,0.936,,,,Europe,IE
Belgium,2025,6.926,,,1.52,0.988,,,,Europe,BE
Australia,2025,6.916,,,1.497,0.956,,,,Oceania,AU
Kosovo,2025,6.91,,,1.293,0.907,,,,,
Germany,2025,6.882,,,1.49,0.876,,,,Europe,DE
Slovenia,2025,6.868,,,1.594,0.913,,,,Europe,SI
Austria,2025,6.845,,,1.474,0.926,,,,Europe,AT
Czechia,2025,6.821,,,1.594,0.72,,,,Europe,CZ
United Arab Emirates,2025,6.821,,,1.096,0.71,,,,Asia,AE
Saudi Arabia,2025,6.817,,,1.412,0.831,,,,Asia,SA
United States,2025,6.816,,,1.516,0.678,,,,Americas,US
Poland,2025,6.768,,,1.479,0.693,,,,Europe,PL
Canada,2025,6.741,,,1.525,0.955,,,,Americas,CA
Taiwan Province of China,2025,6.714,,,1.446,0.933,,,,,
Belize,2025,6.711,,,1.42,0.609,,,,Americas,BZ
Lithuania,2025,6.704,,,1.555,0.653,,,,Europe,LT
United Kingdom,2025,6.694,,,1.458,0.888,,,,,
Serbia,2025,6.691,,,1.543,0.58,,,,Europe,RS
Uruguay,2025,6.635,,,1.54,0.525,,,,Americas,UY
Brazil,2025,6.634,,,1.396,0.508,,,,Americas,BR
Kazakhstan,2025,6.633,,,1.599,0.552,,,,Asia,KZ
Romania,2025,6.629,,,1.233,0.608,,,,Europe,RO
France,2025,6.586,,,1.435,0.95,,,,Europe,FR
Singapore,2025,6.585,,,1.471,1.059,,,,Asia,SG
El Salvador,2025,6.578,,,1.086,0.633,,,,Americas,SV
Italy,2025,6.574,,,1.405,0.975,,,,Europe,IT
Panama,2025,6.547,,,1.479,0.818,,,,Americas,PA
Kuwait,2025,6.543,,,1.316,0.88,,,,Asia,KW
Spain,2025,6.54,,,1.552,1.036,,,,Europe,ES
Guatemala,2025,6.533,,,1.175,0.38,,,,Americas,GT
Malta,2025,6.436,,,1.532,0.948,,,,Europe,MT
Argentina,2025,6.43,,,1.517,0.621,,,,Americas,AR
Viet Nam,2025,6.428,,,1.375,0.698,,,,Asia,VN
Estonia,2025,6.41,,,1.604,0.692,,,,Europe,EE
Bosnia and Herzegovina,2025,6.381,,,1.425,0.678,,,,Europe,BA
Latvia,2025,6.365,,,1.61,0.512,,,,Europe,LV
Jamaica,2025,6.305,,,1.554,0.371,,,,Americas,JM
Chile,2025,6.302,,,1.427,0.792,,,,Americas,CL
Nicaragua,2025,6.301,,,1.349,0.74,,,,Americas,NI
Thailand,2025,6.296,,,1.424,0.694,,,,Asia,TH
Uzbekistan,2025,6.283,,,1.527,0.771,,,,Asia,UZ
Slovakia,2025,6.255,,,1.63,0.564,,,,Europe,SK
Bahrain,2025,6.254,,,1.293,0.693,,,,Asia,BH
Philippines,2025,6.206,,,1.285,0.286,,,,Asia,PH
Paraguay,2025,6.198,,,1.529,0.209,,,,Americas,PY
Oman,2025,6.197,,,1.286,0.58,,,,Asia,OM
Ecuador,2025,6.144,,,1.168,0.835,,,,Americas,EC
Montenegro,2025,6.139,,,1.485,0.68,,,,Europe,ME
Japan,2025,6.13,,,1.414,1.041,,,,Asia,JP
Cyprus,2025,6.126,,,1.215,0.953,,,,Asia,CY
Honduras,2025,6.096,,,1.083,0.466,,,,Americas,HN
Dominican Republic,2025,6.093,,,1.406,0.702,,,,Americas,DO
China,2025,6.074,,,0.963,0.905,,,,Asia,CN
Kyrgyzstan,2025,6.049,,,1.565,0.759,,,,Asia,KG
Republic of Korea,2025,6.04,,,1.23,1.028,,,,,
Colombia,2025,6.04,,,1.374,0.63,,,,Americas,CO
Portugal,2025,6.029,,,1.461,0.944,,,,Europe,PT
Croatia,2025,6.009,,,1.562,0.737,,,,Europe,HR
Malaysia,2025,6.005,,,1.17,0.413,,,,Asia,MY
Peru,2025,5.974,,,1.24,0.605,,,,Americas,PE
Mauritius,2025,5.939,,,1.384,0.704,,,,Africa,MU
Hungary,2025,5.937,,,1.625,0.633,,,,Europe,HU
Mongolia,2025,5.936,,,1.615,0.421,,,,Asia,MN
Trinidad and Tobago,2025,5.905,,,1.413,0.49,,,,Americas,TT
Republic of Moldova,2025,5.851,,,1.277,0.409,,,,,
Bolivia,2025,5.835,,,1.2,0.36,,,,,
Russian Federation,2025,5.834,,,1.331,0.505,,,,Europe,RU
Venezuela,2025,5.756,,,1.335,0.561,,,,,
Libya,2025,5.731,,,1.136,0.619,,,,Africa,LY
North Macedonia,2025,5.719,,,1.448,0.581,,,,Europe,MK
Algeria,2025,5.714,,,1.275,0.964,,,,Africa,DZ
Bulgaria,2025,5.703,,,1.587,0.47,,,,Europe,BG
Greece,2025,5.697,,,1.257,0.799,,,,Europe,GR
Albania,2025,5.662,,,1.026,0.782,,,,Europe,AL
Indonesia,2025,5.617,,,1.229,0.485,,,,Asia,ID
Tajikistan,2025,5.591,,,1.476,0.783,,,,Asia,TJ
Armenia,2025,5.584,,,1.225,1.05,,,,Asia,AM
Hong Kong SAR of China,2025,5.569,,,1.33,1.238,,,,,
Georgia,2025,5.517,,,1.201,0.5,,,,Asia,GE
Lao PDR,2025,5.515,,,0.866,0.554,,,,,
Mozambique,2025,5.336,,,1.018,0.126,,,,Africa,MZ
Turkey,2025,5.3,,,1.313,0.692,,,,Asia,TR
Iraq,2025,5.212,,,1.127,0.704,,,,Asia,IQ
Gabon,2025,5.167,,,1.003,0.45,,,,Africa,GA
Iran,2025,5.151,,,1.249,0.693,,,,,
Côte d’Ivoire,2025,5.148,,,0.694,0.45,,,,,
Nepal,2025,5.147,,,1.099,0.508,,,,Asia,NP
Cameroon,2025,5.083,,,0.9,0.348,,,,Africa,CM
South Africa,2025,5.009,,,1.285,0.101,,,,Africa,ZA
Azerbaijan,2025,4.993,,,0.979,0.847,,,,Asia,AZ
Niger,2025,4.94,,,0.651,0.3,,,,Africa,NE
Pakistan,2025,4.868,,,0.556,0.489,,,,Asia,PK
Tunisia,2025,4.798,,,1.043,0.442,,,,Africa,TN
Nigeria,2025,4.788,,,1.083,0.462,,,,Africa,NG
Senegal,2025,4.787,,,0.882,0.48,,,,Africa,SN
Namibia,2025,4.781,,,1.411,0.038,,,,Africa,
State of Palestine,2025,4.694,,,1.335,,,,,,
Kenya,2025,4.674,,,0.879,0.518,,,,Africa,KE
Ukraine,2025,4.658,,,1.303,0.498,,,,Europe,UA
Morocco,2025,4.646,,,0.401,0.674,,,,Africa,MA
Guinea,2025,4.609,,,0.622,0.364,,,,Africa,GN
Mali,2025,4.588,,,0.779,0.381,,,,Africa,ML
Ghana,2025,4.554,,,0.961,0.507,,,,Africa,GH
India,2025,4.536,,,0.732,0.298,,,,Asia,IN
Somalia,2025,4.508,,,0.791,0.035,,,,Africa,SO
Uganda,2025,4.491,,,1.181,0.449,,,,Africa,UG
Jordan,2025,4.478,,,1.055,0.606,,,,Asia,JO
Mauritania,2025,4.473,,,0.787,0.593,,,,Africa,MR
Cambodia,2025,4.462,,,1.075,0.531,,,,Asia,KH
Congo,2025,4.456,,,0.554,0.391,,,,Africa,CG
Burkina Faso,2025,4.455,,,0.63,0.343,,,,Africa,BF
Benin,2025,4.393,,,0.087,0.409,,,,Africa,BJ
Chad,2025,4.385,,,0.676,0.292,,,,Africa,TD
Lesotho,2025,4.375,,,1.135,0.0,,,,Africa,LS
Bangladesh,2025,4.319,,,0.245,0.672,,,,Asia,BD
Gambia,2025,4.306,,,0.853,0.393,,,,Africa,GM
Myanmar,2025,4.287,,,0.977,0.488,,,,Asia,MM
Liberia,2025,4.28,,,0.815,0.386,,,,Africa,LR
Togo,2025,4.277,,,0.572,0.442,,,,Africa,TG
Madagascar,2025,4.174,,,0.71,0.393,,,,Africa,MG
Zambia,2025,4.106,,,0.861,0.25,,,,Africa,ZM
Sri Lanka,2025,4.013,,,1.13,0.567,,,,Asia,LK
Ethiopia,2025,3.985,,,0.854,0.453,,,,Africa,ET
Comoros,2025,3.925,,,0.352,0.468,,,,Africa,KM
Eswatini,2025,3.909,,,1.036,0.044,,,,Africa,SZ
Tanzania,2025,3.902,,,0.778,0.459,,,,,
Egypt,2025,3.862,,,0.862,0.521,,,,Africa,EG
DR Congo,2025,3.761,,,0.792,0.321,,,,,
Lebanon,2025,3.723,,,1.05,0.416,,,,Asia,LB
Yemen,2025,3.532,,,1.292,0.431,,,,Asia,YE
Botswana,2025,3.464,,,0.989,0.017,,,,Africa,BW
Zimbabwe,2025,3.346,,,0.782,0.189,,,,Africa,ZW
Malawi,2025,3.284,,,0.326,0.299,,,,Africa,MW
Sierra Leone,2025,3.251,,,0.692,0.405,,,,Africa,SL
Afghanistan,2025,1.446,,,0.0,0.176,,,,Asia,AF
Finland,2024,7.736,65378.3841859721,2.3896246026595684,1.783,0.824,,,,Europe,FI
Denmark,2024,7.521,81878.2349849181,6.687691011911924,1.748,0.82,,,,Europe,DK
Iceland,2024,7.515,84256.8454573112,4.212895481437023,1.84,0.873,,,,Europe,IS
Sweden,2024,7.345,71844.9129880579,9.041935859119137,1.698,0.889,,,,Europe,SE
Netherlands,2024,7.306,86173.6290841738,3.8552925207993147,1.667,0.844,,,,,
Costa Rica,2024,7.274,31106.7643556729,11.929367227648974,1.6,0.68,,,,Americas,CR
Norway,2024,7.262,102037.526800237,8.29941021250548,1.711,0.863,,,,Europe,NO
Israel,2024,7.234,57235.7763244136,5.285418283026071,1.743,0.824,,,,Asia,IL
Luxembourg,2024,7.122,155941.288210791,5.497356892287298,1.558,0.864,,,,Europe,LU
Mexico,2024,6.979,26185.3564713253,0.1463759543911803,1.504,0.55,,,,Americas,MX
Australia,2024,6.974,72111.1844628126,18.830188197382046,1.647,0.841,,,,Oceania,AU
New Zealand,2024,6.952,55551.143658637,2.0472114179460172,1.712,0.815,,,,Oceania,NZ
Switzerland,2024,6.935,96497.6947971323,4.6273824644374075,1.622,0.883,,,,Europe,CH
Belgium,2024,6.91,73514.4831045258,4.187049229330656,1.646,0.852,,,,Europe,BE
Ireland,2024,6.889,133437.470117019,1.4479797873755083,1.659,0.823,,,,Europe,IE
Lithuania,2024,6.829,55285.8991934304,0.3814374178039837,1.699,0.592,,,,Europe,LT
Austria,2024,6.81,73911.439663136,4.48719574507618,1.592,0.814,,,,Europe,AT
Canada,2024,6.803,64610.3795171971,6.535375665828745,1.647,0.832,,,,Americas,CA
Slovenia,2024,6.792,57186.3713538174,3.9851284133590497,1.718,0.802,,,,Europe,SI
Czechia,2024,6.775,57285.4237001379,1.7074984482539857,1.716,0.658,,,,Europe,CZ
United Arab Emirates,2024,6.759,79228.738801276,47.62332454207161,1.294,0.659,,,,Asia,AE
Germany,2024,6.753,73551.9347696836,3.1678117058116233,1.625,0.776,,,,Europe,DE
United Kingdom,2024,6.728,62009.4907765366,1.8169612382579277,1.562,0.779,,,,,
United States,2024,6.724,85809.9003846359,15.329664050726091,1.614,0.604,,,0.5869,Americas,US
Belize,2024,6.711,14346.5188049737,9.069077610727346,1.54,0.525,,,,Americas,BZ
Poland,2024,6.673,51262.5105756884,0.3782373448179411,1.595,0.63,,,,Europe,PL
Taiwan Province of China,2024,6.669,,,1.583,0.817,,,,,
Uruguay,2024,6.661,36417.874162496,0.5721898323109937,1.654,0.523,,,,Americas,UY
Kosovo,2024,6.659,17864.4160145118,,1.454,0.896,,,,,
Kuwait,2024,6.629,52443.5969223626,19.007435210008936,1.481,0.766,,,,Asia,KW
Serbia,2024,6.606,32832.1763221005,0.7231682111725546,1.62,0.545,,,,Europe,RS
Saudi Arabia,2024,6.6,71375.3727890285,56.58908149168353,1.566,0.714,,,,Asia,SA
France,2024,6.593,62556.91810454,3.253564168379033,1.535,0.832,,,,Europe,FR
Singapore,2024,6.565,150689.301625826,10.050301728774206,1.565,0.935,,,,Asia,SG
Romania,2024,6.563,49076.5399383138,0.1274112263158733,1.401,0.561,,,,Europe,RO
Brazil,2024,6.494,22338.4765640635,0.6322413498456245,1.519,0.48,,,,Americas,BR
El Salvador,2024,6.492,13264.027090968,0.023530117132781372,1.228,0.559,,,,Americas,SV
Spain,2024,6.466,57965.2948138837,5.115360167534107,1.685,0.894,,,,Europe,ES
Estonia,2024,6.417,49968.7108278373,1.634394924969408,1.716,0.642,,,,Europe,EE
Italy,2024,6.415,62014.2675153689,2.2279744234464434,1.526,0.852,,,,Europe,IT
Panama,2024,6.407,41369.422541499,2.443967641261498,1.6,0.717,,,,Americas,PA
Argentina,2024,6.397,30431.1931223693,1.5023504686994298,1.622,0.579,,,,Americas,AR
Kazakhstan,2024,6.378,40890.9317694408,0.7100453698313507,1.688,0.504,,,,Asia,KZ
Guatemala,2024,6.362,14368.6605681815,0.06176758213763293,1.33,0.376,,,,Americas,GT
Chile,2024,6.361,36181.156616977,3.3873925359600947,1.577,0.711,,,,Americas,CL
Viet Nam,2024,6.352,16385.5065565458,0.053017202751725515,1.533,0.631,,,,Asia,VN
Nicaragua,2024,6.33,8708.79983051626,0.04603806016231962,1.47,0.646,,,,Americas,NI
Malta,2024,6.316,69863.7461313457,4.334251251706873,1.671,0.837,,,,Europe,MT
Thailand,2024,6.222,24712.0658575135,2.465440290068267,1.551,0.633,,,,Asia,TH
Slovakia,2024,6.221,,0.8306707462510483,1.762,0.547,,,,Europe,SK
Latvia,2024,6.207,43394.2732822314,1.3691418137553257,1.711,0.503,,,,Europe,LV
Oman,2024,6.197,41740.1658530012,121.33512723018427,1.411,0.5,,,,Asia,OM
Uzbekistan,2024,6.193,11878.5528706848,0.5103543187923272,1.615,0.654,,,,Asia,UZ
Paraguay,2024,6.172,18523.6810153,0.23638127343031934,1.615,0.291,,,,Americas,PY
Japan,2024,6.147,52039.1716551611,3.381689452107922,1.55,0.921,,,,Asia,JP
Bosnia and Herzegovina,2024,6.136,25043.0886396127,0.020691726293955697,1.545,0.616,,,,Europe,BA
Philippines,2024,6.107,11794.1375488492,0.009862224208375528,1.385,0.315,,,,Asia,PH
Republic of Korea,2024,6.038,,0.7973368766784882,1.357,0.903,,,,,
Bahrain,2024,6.03,66941.2430367989,14.074020293911827,1.391,0.609,,,,Asia,BH
Portugal,2024,6.013,51679.8883807527,0.6239468112955965,1.56,0.822,,,,Europe,PT
Colombia,2024,6.004,22349.436440123,0.8323074783187733,1.513,0.587,,,,Americas,CO
Ecuador,2024,5.965,15840.2668567412,0.5958819530756638,1.32,0.702,,,,Americas,EC
Honduras,2024,5.964,7486.01869616445,0.028366810152377245,1.187,0.436,,,,Americas,HN
Malaysia,2024,5.955,38779.2830442253,1.4653624364439424,1.315,0.446,,,,Asia,MY
Peru,2024,5.947,17802.4182498972,1.0792068315234484,1.364,0.551,,,,Americas,PE
Russian Federation,2024,5.945,47404.96484375,0.7959844731179688,1.549,0.47,,,,Europe,RU
Cyprus,2024,5.942,63006.61328125,2.467694403169886,1.348,0.84,,,,Asia,CY
China,2024,5.921,27104.8702677463,0.13374328800142954,1.307,0.789,,,,Asia,CN
Hungary,2024,5.915,48552.4708092529,1.212983069596172,1.742,0.587,,,,Europe,HU
Trinidad and Tobago,2024,5.905,36328.5130065685,0.3179464202947811,1.532,0.419,,,,Americas,TT
Montenegro,2024,5.877,34062.7577672706,1.0065396237235051,1.551,0.618,,,,Europe,ME
Croatia,2024,5.87,49550.7921506017,0.6332202002987293,1.673,0.669,,,,Europe,HR
Jamaica,2024,5.87,12890.2660051472,0.017181252563051055,1.545,0.504,,,,Americas,JM
Bolivia,2024,5.868,12877.6351184372,,1.356,0.346,,,,,
Kyrgyzstan,2024,5.858,,0.35263322437487626,1.715,0.647,,,,Asia,KG
Dominican Republic,2024,5.846,27541.6625283384,0.3803494035165686,1.5,0.615,,,,Americas,DO
Mongolia,2024,5.833,19144.7261368498,0.1242511218934372,1.731,0.423,,,,Asia,MN
Mauritius,2024,5.832,31839.7597535524,0.2411165736480221,1.521,0.617,,,,Africa,MU
Libya,2024,5.82,14303.8087736988,5.722752017542741,1.309,0.549,,,,Africa,LY
Republic of Moldova,2024,5.819,,0.20868329675085073,1.43,0.414,,,,,
Greece,2024,5.776,44327.2097808276,1.8253327727300694,1.438,0.725,,,,Europe,GR
Venezuela,2024,5.683,,,1.493,0.515,,,,,
Indonesia,2024,5.617,16448.2755179559,0.11180759745676272,1.372,0.454,,,,Asia,ID
Algeria,2024,5.571,17620.7423956126,0.14094537235754456,1.363,0.782,,,,Africa,DZ
Bulgaria,2024,5.554,41969.4515718999,0.2382406163704228,1.725,0.463,,,,Europe,BG
North Macedonia,2024,5.503,26995.4292563497,0.27935939066544957,1.537,0.544,,,,Europe,MK
Armenia,2024,5.494,22823.1795255693,0.40627411371321387,1.349,0.828,,,,Asia,AM
Hong Kong SAR of China,2024,5.491,,,1.41,0.948,,,,,
Albania,2024,5.411,26701.6749563776,0.03389285796480107,1.122,0.696,,,,Europe,AL
Tajikistan,2024,5.411,5405.98011619139,0.5373951850224888,1.555,0.658,,,,Asia,TJ
Georgia,2024,5.4,28285.0732802982,0.15787152104993898,1.275,0.482,,,0.5932,Asia,GE
Nepal,2024,5.311,5736.62134332704,0.1740197444633408,1.21,0.463,,,,Asia,NP
Lao PDR,2024,5.301,9775.82817381023,,1.01,0.493,,,,,
Turkey,2024,5.262,,2.1806390174604204,1.444,0.626,,,0.6231,Asia,TR
South Africa,2024,5.213,15456.1989933658,2.5600845098429112,1.465,0.142,,,,Africa,ZA
Mozambique,2024,5.19,1705.37919520416,0.4775269068122186,1.131,0.124,,,,Africa,MZ
Gabon,2024,5.12,21510.1725307344,7.159712230215828,1.224,0.387,,,,Africa,GA
Côte d’Ivoire,2024,5.102,,,0.76,0.206,,,,,
Iran,2024,5.093,,,1.367,0.609,,,,,
Congo,2024,5.03,,1.6324562921931798,0.796,0.336,,,,Africa,CG
Iraq,2024,4.976,14464.3186928173,0.14893464324686082,1.275,0.589,,,0.7768,Asia,IQ
Guinea,2024,4.929,4565.3007888456,0.2124879231330787,0.791,0.306,,,,Africa,GN
Namibia,2024,4.911,11686.6020661881,2.814520323994947,1.482,0.104,,,,Africa,
Cameroon,2024,4.887,5588.98645861945,1.5267662085008433,0.986,0.302,,,,Africa,CM
Nigeria,2024,4.885,9086.87550609627,0.6027479807951716,1.245,0.38,,,,Africa,NG
Azerbaijan,2024,4.875,25088.9993757134,0.22168923956569184,1.03,0.707,,,,Asia,AZ
Senegal,2024,4.856,5070.6486207418,0.31886392116079026,0.977,0.433,,,,Africa,SN
State of Palestine,2024,4.78,,0.05905134780669594,1.456,,,,,,
Pakistan,2024,4.768,6252.11543199559,0.5104443824541143,0.759,0.417,,,,Asia,PK
Niger,2024,4.725,2049.93305251019,0.9795688450491377,0.796,0.258,,,,Africa,NE
Ukraine,2024,4.68,18550.462890625,0.474155142029821,1.472,0.472,,,,Europe,UA
Morocco,2024,4.622,10415.1240234375,0.025470605147045244,0.635,0.585,,,,Africa,MA
Tunisia,2024,4.552,14521.0080937638,0.07124092448923382,1.224,0.459,,,,Africa,TN
Mauritania,2024,4.542,7368.75275290214,2.069756283735892,0.919,0.516,,,,Africa,MR
Kenya,2024,4.51,6644.13093243895,1.715445559942716,1.047,0.448,,,,Africa,KE
Uganda,2024,4.461,3273.2671741364,3.4412941107270507,1.342,0.396,,,,Africa,UG
Gambia,2024,4.423,,3.1645779274554187,0.958,0.348,,,,Africa,GM
India,2024,4.389,11159.9856476091,0.23451156519329908,0.86,0.316,,,,Asia,IN
Chad,2024,4.384,2742.65952183613,4.279526373769236,0.902,0.242,,,,Africa,TD
Burkina Faso,2024,4.383,2895.89152033665,0.33686885685714985,0.828,0.296,,,,Africa,BF
Benin,2024,4.357,4434.5642184028,0.5143311356723054,0.228,0.357,,,,Africa,BJ
Somalia,2024,4.347,,0.024122827411120307,0.877,0.046,,,,Africa,SO
Mali,2024,4.345,3314.77332231959,0.4020482484203327,0.908,0.318,,,,Africa,ML
Cambodia,2024,4.341,7966.87352428705,0.10344340537215922,1.215,0.481,,,,Asia,KH
Ghana,2024,4.34,8019.99702389611,0.4294586231660246,1.01,0.438,,,,Africa,GH
Myanmar,2024,4.321,5997.46516323715,0.015939499062831708,1.144,0.446,,,,Asia,MM
Togo,2024,4.315,3365.45809007306,0.44477504745293184,0.736,0.378,,,,Africa,TG
Jordan,2024,4.31,10821.4909765317,7.70147935995534,1.202,0.573,,,,Asia,JO
Liberia,2024,4.277,1871.04406164262,0.4585420678595659,0.888,0.324,,,,Africa,LR
Madagascar,2024,4.157,1883.5374311384,0.13301169659457296,0.938,0.341,,,,Africa,MG
Zambia,2024,3.912,4214.89277804799,1.8003306377399364,1.013,0.233,,,,Africa,ZM
Ethiopia,2024,3.898,3287.53492158893,0.9164023552265153,1.051,0.416,,,,Africa,ET
Sri Lanka,2024,3.891,15632.5924849848,0.025947270396212595,1.308,0.567,,,,Asia,LK
Bangladesh,2024,3.851,9646.76984383255,0.28256207370964814,0.286,0.592,,,,Asia,BD
Egypt,2024,3.817,,0.22127853888857307,1.075,0.473,,,,Africa,EG
Tanzania,2024,3.8,4220.79638671875,,0.908,0.411,,,,,
Eswatini,2024,3.774,11799.2028793201,2.2335438110890062,1.152,0.038,,,,Africa,SZ
Lesotho,2024,3.757,3001.16311951334,0.03638970105856531,1.131,0.0,,,,Africa,LS
Comoros,2024,3.754,3958.53228789687,0.03020888310925147,0.501,0.428,,,,Africa,KM
Yemen,2024,3.561,,0.1440896121873607,1.482,0.375,,,,Asia,YE
DR Congo,2024,3.469,,,0.929,0.278,,,,,
Botswana,2024,3.438,20538.1320178889,6.508995278226047,1.146,0.094,,,,Africa,BW
Zimbabwe,2024,3.396,5928.0806252756,0.20320682092825493,0.961,0.178,,,,Africa,ZW
Malawi,2024,3.26,1857.61756950305,0.3649879669670442,0.489,0.28,,,,Africa,MW
Lebanon,2024,3.188,,2.0395969019538813,0.984,0.44,,,0.6216,Asia,LB
Sierra Leone,2024,2.998,3522.30588009119,0.7725165406798573,0.692,0.327,,,,Africa,SL
Afghanistan,2024,1.364,,0.009688943834993094,0.0,0.155,,,,Asia,AF
Finland,2023,7.741,63414.9936878177,,1.572,0.695,81.9102,,,Europe,FI
Denmark,2023,7.583,77892.2932609904,,1.52,0.699,81.9328,,,Europe,DK
Iceland,2023,7.525,81608.4479116436,,1.617,0.718,82.6911,,,Europe,IS
Sweden,2023,7.344,69226.3272756663,,1.501,0.724,83.2624,,,Europe,SE
Israel,2023,7.341,55171.2318814321,,1.513,0.74,82.408,,,Asia,IL
Netherlands,2023,7.319,81728.6904629268,,1.462,0.706,82.1576,,,,
Norway,2023,7.302,103637.516843678,,1.517,0.704,83.3078,,,Europe,NO
Luxembourg,2023,7.122,150508.218886888,,1.355,0.708,82.2294,,,Europe,LU
Switzerland,2023,7.06,95141.5960943632,,1.425,0.747,83.9536,,,Europe,CH
Australia,2023,7.057,72272.7092136683,,1.461,0.692,83.9228,,,Oceania,AU
New Zealand,2023,7.029,54697.382252318,,1.527,0.673,82.088,,,Oceania,NZ
Costa Rica,2023,6.955,28908.7688743191,,1.373,0.661,80.7995,,,Americas,CR
Kuwait,2023,6.951,53025.4710858063,,1.364,0.661,80.4047,,,Asia,KW
Austria,2023,6.905,73544.6567230487,,1.336,0.696,81.9559,,,Europe,AT
Canada,2023,6.9,64219.3173928637,,1.459,0.701,82.6302,,,Americas,CA
Belgium,2023,6.894,71946.1447190292,,1.44,0.69,82.115,,,Europe,BE
Ireland,2023,6.838,129682.607150517,,1.39,0.7,82.4118,,,Europe,IE
Czechia,2023,6.822,55761.3798291375,,1.511,0.638,79.8341,,,Europe,CZ
Lithuania,2023,6.818,52348.2468215268,,1.454,0.598,76.025,,,Europe,LT
United Kingdom,2023,6.749,59911.3467663209,,1.326,0.672,81.3015,,,,
Slovenia,2023,6.743,56064.0974596742,,1.502,0.695,81.6034,,,Europe,SI
United Arab Emirates,2023,6.733,77955.2951760879,,1.164,0.563,82.9091,,,Asia,AE
United States,2023,6.725,82304.6204272866,,1.392,0.542,79.3043,,0.5869,Americas,US
Germany,2023,6.719,71684.0311875583,,1.39,0.702,81.3777,,,Europe,DE
Mexico,2023,6.678,25243.1644887582,,1.241,0.544,75.069,,,Americas,MX
Uruguay,2023,6.611,34470.9322201143,,1.431,0.592,78.1385,,,Americas,UY
France,2023,6.609,60838.9416716424,,1.348,0.727,83.3253,,,Europe,FR
Saudi Arabia,2023,6.594,71564.800028565,,1.361,0.511,78.7321,,,Asia,SA
Kosovo,2023,6.561,15804.4065754058,,1.277,0.599,78.0326,,,,
Singapore,2023,6.523,143786.136293013,,1.361,0.769,83.7362,,,Asia,SG
Taiwan Province of China,2023,6.503,,,1.346,0.65,,,,,
Romania,2023,6.491,45981.6027785222,,1.236,0.583,75.9381,,,Europe,RO
El Salvador,2023,6.469,12679.5768752061,,1.08,0.549,72.0993,,,Americas,SV
Estonia,2023,6.448,48637.1802208795,,1.527,0.657,79.1535,,,Europe,EE
Poland,2023,6.442,48473.0940286419,,1.417,0.639,78.6329,,,Europe,PL
Spain,2023,6.421,55682.2402603093,,1.471,0.729,83.6703,,,Europe,ES
Serbia,2023,6.411,29776.8951752159,,1.391,0.585,76.7693,,,Europe,RS
Chile,2023,6.36,33145.403552025,,1.369,0.673,81.1667,,,Americas,CL
Panama,2023,6.358,39813.3857939972,,1.392,0.633,79.5937,,,Americas,PA
Malta,2023,6.346,67057.2184329891,,1.444,0.707,83.2989,,,Europe,MT
Italy,2023,6.324,60029.871712398,,1.328,0.72,83.7157,,,Europe,IT
Guatemala,2023,6.287,13745.3631241794,,1.169,0.467,72.6023,,,Americas,GT
Nicaragua,2023,6.284,8319.97944140996,,1.263,0.542,74.9468,,,Americas,NI
Brazil,2023,6.272,21175.6186988214,,1.269,0.548,75.8482,,,Americas,BR
Slovakia,2023,6.257,,,1.54,0.638,78.3414,,,Europe,SK
Latvia,2023,6.234,42576.4060799457,,1.508,0.564,76.1898,,,Europe,LV
Uzbekistan,2023,6.195,11106.9715934767,,1.394,0.539,72.3884,,,Asia,UZ
Argentina,2023,6.188,30221.4976888753,,1.381,0.585,77.3947,,,Americas,AR
Kazakhstan,2023,6.188,38515.1836009979,,1.457,0.556,74.4021,,,Asia,KZ
Cyprus,2023,6.068,59874.5703125,,1.217,0.744,81.648,,,Asia,CY
Japan,2023,6.06,50661.7663463109,,1.354,0.785,84.7123,,,Asia,JP
Republic of Korea,2023,6.058,,,1.178,0.77,,,,,
Philippines,2023,6.048,10985.8292627505,,1.146,0.441,69.8327,,,Asia,PH
Viet Nam,2023,6.043,15033.8768594355,,1.267,0.539,,,,Asia,VN
Portugal,2023,6.03,49352.8388613032,,1.368,0.699,82.3599,,,Europe,PT
Hungary,2023,6.017,46592.3856070073,,1.528,0.596,77.024,,,Europe,HU
Paraguay,2023,5.977,17564.4912369374,,1.408,0.549,73.8443,,,Americas,PY
Thailand,2023,5.976,23519.2120979823,,1.347,0.62,76.4115,,,Asia,TH
Malaysia,2023,5.975,36466.8914938333,,1.143,0.54,76.6571,,,Asia,MY
China,2023,5.973,25179.1193066383,,1.239,0.629,77.9529,,,Asia,CN
Honduras,2023,5.968,7178.33906781522,,1.035,0.502,72.8842,,,Americas,HN
Bahrain,2023,5.959,64171.0857359052,,,,81.2835,,,Asia,BH
Croatia,2023,5.942,47759.6982995339,,1.445,0.637,78.5803,,,Europe,HR
Greece,2023,5.934,42710.5058010314,,1.276,0.696,81.8568,,,Europe,GR
Bosnia and Herzegovina,2023,5.877,23376.2227477141,,1.318,0.587,77.8504,,,Europe,BA
Libya,2023,5.866,13847.0792190045,,1.1,0.55,69.3389,,,Africa,LY
Jamaica,2023,5.842,12650.9052955938,,1.324,0.567,71.4789,,,Americas,JM
Peru,2023,5.841,17011.2278028825,,1.18,0.662,77.7401,,,Americas,PE
Dominican Republic,2023,5.823,25839.9356687607,,1.272,0.511,73.7201,,,Americas,DO
Mauritius,2023,5.816,29560.7137230079,,1.358,0.49,74.9263,,,Africa,MU
Republic of Moldova,2023,5.816,,,1.277,0.542,,,,,
Russian Federation,2023,5.785,44268.73046875,,1.351,0.531,,,,Europe,RU
Bolivia,2023,5.784,12892.1249578777,,1.179,0.488,68.5814,,,,
Ecuador,2023,5.725,15918.5162948773,,1.151,0.64,77.3924,,,Americas,EC
Kyrgyzstan,2023,5.714,,,1.477,0.588,71.677,,,Asia,KG
Montenegro,2023,5.707,31862.7715778041,,1.318,0.587,77.0869,,,Europe,ME
Mongolia,2023,5.696,18004.8512058355,,1.511,0.4,71.7341,,,Asia,MN
Colombia,2023,5.695,21246.3762695201,,1.241,0.648,77.7246,,,Americas,CO
Venezuela,2023,5.607,,,1.321,0.491,72.5142,,,,
Indonesia,2023,5.568,15415.7079259527,,1.184,0.472,71.1457,,,Asia,ID
Bulgaria,2023,5.463,38829.1913208102,,1.469,0.567,75.6363,,0.5501,Europe,BG
Armenia,2023,5.455,21534.030536117,,1.154,0.603,75.6827,,,Asia,AM
South Africa,2023,5.422,15199.7329823776,,1.369,0.322,66.1387,,,Africa,ZA
North Macedonia,2023,5.369,25354.103505762,,1.277,0.569,77.3947,,,Europe,MK
Algeria,2023,5.364,16824.4879034627,,1.191,0.568,76.261,,,Africa,DZ
Hong Kong SAR of China,2023,5.316,,,1.184,0.857,,,,,
Albania,2023,5.304,24822.3543089995,,0.924,0.638,79.6019,,,Europe,AL
Tajikistan,2023,5.281,4963.58295264504,,,,71.7901,,,Asia,TJ
Congo,2023,5.221,,,0.622,0.306,65.772,,,Africa,CG
Mozambique,2023,5.216,1678.39118243681,,0.883,0.156,63.6111,,,Africa,MZ
Georgia,2023,5.185,25071.9677264107,,0.99,0.524,74.4965,,0.5932,Asia,GE
Iraq,2023,5.166,14652.5212399212,,0.996,0.498,72.3242,,,Asia,IQ
Nepal,2023,5.158,5395.20820077513,,0.99,0.443,70.3537,,,Asia,NP
Lao PDR,2023,5.139,9291.78859001138,,0.846,0.423,,,,,
Gabon,2023,5.106,20755.665381766,,1.038,0.344,68.3367,,,Africa,GA
Côte d’Ivoire,2023,5.08,,,0.578,0.288,,,,,
Guinea,2023,5.023,4333.74617312626,,0.622,0.236,60.7405,,,Africa,GN
Turkey,2023,4.975,,,1.175,0.631,77.1557,,0.644,Asia,TR
Senegal,2023,4.969,4777.61451861578,,0.751,0.392,68.6829,,,Africa,SN
Iran,2023,4.923,,,1.136,0.571,77.6545,,,,
Azerbaijan,2023,4.893,23651.5994852756,,0.876,0.496,74.4286,,,Asia,AZ
Nigeria,2023,4.881,8705.43426693539,,1.075,0.256,54.4623,,,Africa,NG
State of Palestine,2023,4.879,,,,,,,,,
Cameroon,2023,4.874,5410.76921937642,,0.856,0.288,63.6996,,,Africa,CM
Ukraine,2023,4.873,17665.34375,,1.315,0.513,73.4225,,,Europe,UA
Namibia,2023,4.832,11251.2370313819,,1.212,0.307,67.3848,,,Africa,
Morocco,2023,4.795,9894.650390625,,0.471,0.495,75.3128,,,Africa,MA
Pakistan,2023,4.657,6013.989636386,,0.6,0.321,67.649,,,Asia,PK
Niger,2023,4.556,1875.15306770628,,0.677,0.293,61.1833,,,Africa,NE
Burkina Faso,2023,4.548,2759.30205484605,,0.685,0.274,61.092,,,Africa,BF
Mauritania,2023,4.505,6965.90953574715,,0.705,0.4,68.4836,,,Africa,MR
Gambia,2023,4.485,,,0.684,0.33,65.8603,,,Africa,GM
Chad,2023,4.471,2700.36055335878,,0.805,0.199,55.0692,,,Africa,TD
Kenya,2023,4.47,6317.03904665091,,0.895,0.353,63.6459,,,Africa,KE
Tunisia,2023,4.422,14040.5961148142,,0.955,0.579,76.5077,,,Africa,TN
Benin,2023,4.377,4129.9661200142,,0.128,0.284,60.7738,,,Africa,BJ
Uganda,2023,4.372,3097.63702430619,,1.151,0.373,68.2523,,,Africa,UG
Myanmar,2023,4.354,5953.35735165913,,0.988,0.436,66.889,,,Asia,MM
Cambodia,2023,4.341,7430.73085709837,,1.019,0.442,70.6675,,,Asia,KH
Ghana,2023,4.289,7556.41605453234,,0.747,0.36,65.4979,,,Africa,GH
Liberia,2023,4.269,1794.53340863362,,0.673,0.301,62.1625,,,Africa,LR
Mali,2023,4.232,3174.62960276396,,0.688,0.267,60.4394,,,Africa,ML
Madagascar,2023,4.228,1808.44779038579,,0.823,0.333,63.6317,,,Africa,MG
Togo,2023,4.214,3154.43329348299,,0.586,0.32,62.7387,,,Africa,TG
Jordan,2023,4.186,10411.8416152967,,0.983,0.594,77.8145,,,Asia,JO
India,2023,4.054,10323.4998734428,,0.653,0.417,72.0026,,,Asia,IN
Egypt,2023,3.977,,,0.996,0.488,71.6335,,,Africa,EG
Sri Lanka,2023,3.898,14455.6544414734,,1.179,0.586,77.4828,,,Asia,LK
Bangladesh,2023,3.886,9147.7775066555,,0.249,0.513,74.6723,,,Asia,BD
Ethiopia,2023,3.861,3060.9050300376,,0.915,0.42,67.315,,,Africa,ET
Tanzania,2023,3.781,4018.5166015625,,0.706,0.38,66.9953,,,,
Comoros,2023,3.566,3811.65084882413,,0.328,0.37,66.7768,,,Africa,KM
Yemen,2023,3.561,,,1.281,0.293,69.2952,,,Asia,YE
Zambia,2023,3.502,4076.99508686641,,0.809,0.264,66.3487,,,Africa,ZM
Eswatini,2023,3.502,11299.8831236788,,0.925,0.176,64.1227,,,Africa,SZ
Malawi,2023,3.421,1830.46461287442,,0.41,0.349,67.3535,,,Africa,MW
Botswana,2023,3.383,21012.10319925,,0.969,0.241,69.1631,,,Africa,BW
Zimbabwe,2023,3.341,5791.19212877988,,0.85,0.232,62.7748,,,Africa,ZW
DR Congo,2023,3.295,,,0.665,0.262,,,,,
Sierra Leone,2023,3.245,3368.31727188063,,0.566,0.253,61.7858,,,Africa,SL
Lesotho,2023,3.186,2880.96629615692,,0.851,0.0,57.3749,,,Africa,LS
Lebanon,2023,2.707,12574.8329116403,,0.577,0.556,77.817,,,Asia,LB
Afghanistan,2023,1.721,2201.72290691677,,0.0,0.242,66.0346,,,Asia,AF
Finland,2022,7.804,62133.1375219912,,1.585,0.535,81.2435,68.35999,0.433,Europe,FI
Denmark,2022,7.586,78913.6534913127,,1.548,0.537,81.2906,73.86647,0.4417,Europe,DK
Iceland,2022,7.53,75332.8528345867,,1.62,0.559,81.5877,62.27,,Europe,IS
Israel,2022,7.473,53619.0680995095,,1.521,0.577,82.8145,,,Asia,IL
Netherlands,2022,7.403,78630.3599072098,,1.488,0.545,81.9121,57.02047,0.4241,,
Sweden,2022,7.395,67075.6762724717,,1.51,0.562,83.046,62.76585,0.3971,Europe,SE
Norway,2022,7.315,125489.548935602,,1.521,0.544,82.6309,72.09141,0.4055,Europe,NO
Switzerland,2022,7.24,94421.4576550424,,1.463,0.582,83.2003,58.53579,0.4234,Europe,CH
Luxembourg,2022,7.228,146919.145398494,,1.357,0.549,82.2007,,0.4595,Europe,LU
New Zealand,2022,7.123,54033.9130125651,,1.544,0.513,81.0061,56.57521,0.4649,Oceania,NZ
Austria,2022,7.097,72065.4974270106,,1.382,0.535,81.2959,49.77389,,Europe,AT
Australia,2022,7.095,66103.1797066957,,1.497,0.532,82.7662,48.53989,0.4923,Oceania,AU
Canada,2022,6.961,63944.1050100687,,1.484,0.541,81.2493,46.69302,0.5047,Americas,CA
Ireland,2022,6.911,138522.517800204,,1.425,0.539,82.0505,,0.4792,Europe,IE
United States,2022,6.894,77860.9112908848,,1.46,0.39,77.9789,37.02172,0.5883,Americas,US
Germany,2022,6.892,69048.9884036885,,1.401,0.539,80.5796,41.61021,0.49,Europe,DE
Belgium,2022,6.859,69128.1388883843,,1.449,0.528,81.1589,,0.4506,Europe,BE
Czechia,2022,6.845,52946.9660854462,,1.544,0.477,79.1648,27.31138,0.3812,Europe,CZ
United Kingdom,2022,6.796,59021.5721805914,,1.366,0.511,81.0744,43.31179,,,
Lithuania,2022,6.763,50936.0049547442,,1.511,0.432,74.696,31.69582,0.5026,Europe,LT
France,2022,6.661,57042.9449013772,,1.433,0.566,82.4753,26.25627,0.4592,Europe,FR
Slovenia,2022,6.65,52347.109726538,,1.539,0.532,80.7933,25.26486,0.4072,Europe,SI
Costa Rica,2022,6.609,26226.2754815949,,1.34,0.503,79.3164,,0.6535,Americas,CR
Romania,2022,6.589,41979.2586767087,,1.28,0.423,75.2614,12.13196,0.541,Europe,RO
Singapore,2022,6.587,143094.949896959,,1.354,0.607,82.9211,34.39151,,Asia,SG
United Arab Emirates,2022,6.571,75071.6586300351,,1.223,0.401,80.4868,,,Asia,AE
Taiwan Province of China,2022,6.535,,,1.372,0.492,,,,,
Uruguay,2022,6.494,33000.918699951,,1.445,0.435,76.4682,14.47495,0.5583,Americas,UY
Slovakia,2022,6.469,,,1.544,0.472,77.0356,21.59557,0.3785,Europe,SK
Saudi Arabia,2022,6.463,71968.074955888,,1.37,0.351,77.3098,,,Asia,SA
Estonia,2022,6.455,48217.5523106028,,1.526,0.494,78.1674,33.94373,0.5422,Europe,EE
Spain,2022,6.436,51398.9310403407,,1.491,0.567,82.3661,40.96439,0.4464,Europe,ES
Italy,2022,6.405,57260.8945372493,,1.365,0.559,82.052,26.55384,,Europe,IT
Kosovo,2022,6.368,13950.896732241,,1.269,0.372,77.6233,,,,
Chile,2022,6.334,30932.0010873677,,1.384,0.511,79.1762,12.90272,0.7054,Americas,CL
Mexico,2022,6.33,23135.4931601276,,1.169,0.389,73.9731,10.48835,0.7087,Americas,MX
Malta,2022,6.3,60588.8890591794,,1.468,0.547,82.2496,,,Europe,MT
Panama,2022,6.265,36333.1269184359,,1.402,0.475,79.3241,,,Americas,PA
Poland,2022,6.26,46777.5524519162,,1.474,0.477,77.9229,24.11202,0.4857,Europe,PL
Nicaragua,2022,6.259,7796.69362034144,,1.292,0.385,74.4626,4.25,,Americas,NI
Latvia,2022,6.213,40558.7495841122,,1.505,0.405,74.8706,22.19023,0.4926,Europe,LV
Bahrain,2022,6.173,61677.6538492695,,1.269,0.389,80.9921,,,Asia,BH
Guatemala,2022,6.15,13014.0153809826,,1.188,0.31,71.2064,17.9821,,Americas,GT
Kazakhstan,2022,6.144,35895.0839871667,,1.491,0.389,73.5028,22.80564,,Asia,KZ
Serbia,2022,6.144,26142.8279237665,,1.343,0.424,75.4778,16.3166,0.5154,Europe,RS
Cyprus,2022,6.13,55876.17578125,,1.224,0.58,80.4337,6.596476,0.4491,Asia,CY
Japan,2022,6.129,47192.0500603372,,1.396,0.622,84.0541,33.70288,,Asia,JP
Croatia,2022,6.125,42125.0726930931,,1.455,0.475,78.2779,13.57521,0.4715,Europe,HR
Brazil,2022,6.125,19876.8533531396,,1.25,0.387,74.8719,6.524758,0.6973,Americas,BR
El Salvador,2022,6.122,11875.9648066233,,1.044,0.383,71.9695,,0.5963,Americas,SV
Hungary,2022,6.041,44365.9108128343,,1.519,0.435,76.2118,27.15409,0.4328,Europe,HU
Argentina,2022,6.024,29808.8073468007,,1.388,0.427,75.8061,19.18133,0.5721,Americas,AR
Honduras,2022,6.023,6805.49358294554,,1.072,0.341,72.7151,,,Americas,HN
Uzbekistan,2022,6.014,10292.5309427485,,1.347,0.375,72.1465,33.6,,Asia,UZ
Malaysia,2022,6.012,34419.8684975666,,1.155,0.385,75.4442,19.5735,0.4807,Asia,MY
Portugal,2022,5.968,45250.0148759865,,1.356,0.537,81.1936,16.91347,0.4656,Europe,PT
Republic of Korea,2022,5.951,,,1.188,0.603,,,,,
Greece,2022,5.931,39612.4406377916,,1.247,0.535,79.9441,8.447196,0.4534,Europe,GR
Mauritius,2022,5.902,26874.4899927593,,1.382,0.336,73.5445,,,Africa,MU
Thailand,2022,5.843,22243.0747727026,,1.344,0.461,75.2913,28.88868,,Asia,TH
Mongolia,2022,5.84,16401.9894751531,,1.494,0.244,71.5049,25.98135,,Asia,MN
Kyrgyzstan,2022,5.825,,,1.439,0.417,71.487,12.80132,,Asia,KG
Republic of Moldova,2022,5.819,,,1.302,0.375,,,,,
China,2022,5.818,23032.1766271143,,1.249,0.468,78.2021,63.48947,,Asia,CN
Viet Nam,2022,5.763,13905.1536875216,,1.212,0.381,,,,Asia,VN
Paraguay,2022,5.738,16347.0434974776,,1.427,0.392,72.3185,,,Americas,PY
Montenegro,2022,5.722,28049.6156106324,,1.385,0.424,75.9214,21.74356,,Europe,ME
Jamaica,2022,5.703,11887.770369423,,1.329,0.411,71.4809,,,Americas,JM
Bolivia,2022,5.684,12306.7293128695,,1.187,0.329,67.4342,8.514756,,,
Russian Federation,2022,5.661,40938.98828125,,1.383,0.366,,,,Europe,RU
Bosnia and Herzegovina,2022,5.633,21651.2952374862,,1.361,0.429,76.7772,9.64249,,Europe,BA
Colombia,2022,5.63,20854.002999162,,1.213,0.486,76.5081,4.539474,0.7492,Americas,CO
Dominican Republic,2022,5.569,24625.8088564037,,1.227,0.351,74.2108,,0.6059,Americas,DO
Ecuador,2022,5.559,15198.0725554473,,1.173,0.476,76.5767,5.75,0.6125,Americas,EC
Peru,2022,5.526,16669.1561486769,,1.153,0.499,76.834,4.161271,0.6966,Americas,PE
Philippines,2022,5.523,10131.346369794,,1.108,0.286,69.4723,5.330985,,Asia,PH
Bulgaria,2022,5.466,36320.1422295192,,1.457,0.408,74.0342,17.09326,0.5563,Europe,BG
Nepal,2022,5.36,5102.99231132947,,1.027,0.281,70.0869,,,Asia,NP
Armenia,2022,5.342,19161.3700514189,,1.134,0.443,74.6333,17.51707,,Asia,AM
Tajikistan,2022,5.33,4514.17512398164,,1.248,0.291,71.5624,20.58333,,Asia,TJ
Algeria,2022,5.329,15836.0944370321,,1.298,0.409,76.1289,,,Africa,DZ
Hong Kong SAR of China,2022,5.308,,,1.201,0.702,,,,,
Albania,2022,5.277,22138.4182857345,,0.951,0.48,78.7688,2.77237,0.492,Europe,AL
Indonesia,2022,5.277,14284.929293133,,1.169,0.314,70.9246,4.637319,,Asia,ID
South Africa,2022,5.275,14749.0478045301,,1.428,0.149,65.4536,,,Africa,ZA
Congo,2022,5.267,,,0.665,0.145,65.0003,,,Africa,CG
North Macedonia,2022,5.254,24212.2818885331,,1.171,0.408,76.6455,15.05892,,Europe,MK
Venezuela,2022,5.211,,,1.257,0.341,72.5656,14.20168,,,
Lao PDR,2022,5.111,8766.44062611094,,0.853,0.257,,,,,
Georgia,2022,5.109,22461.3326414547,,0.947,0.366,74.1409,9.017171,0.5932,Asia,GE
Guinea,2022,5.072,4062.36136437922,,0.776,0.072,60.4316,,,Africa,GN
Ukraine,2022,5.071,14770.0712890625,,1.354,0.355,72.6582,28.34588,,Europe,UA
Côte d’Ivoire,2022,5.053,,,0.584,0.12,,,,,
Gabon,2022,5.035,19992.5570643468,,1.021,0.183,67.713,,,Africa,GA
Nigeria,2022,4.981,8304.9581050353,,1.007,0.092,54.079,13.00635,0.5379,Africa,NG
Cameroon,2022,4.973,5188.97750866081,,0.871,0.118,62.4428,,,Africa,CM
Mozambique,2022,4.954,1581.9441944262,,0.885,0.0,63.0115,,0.6809,Africa,MZ
Iraq,2022,4.941,14391.1292349806,,0.953,0.324,72.0371,11.0,0.7384,Asia,IQ
State of Palestine,2022,4.908,,,1.309,,,,,,
Morocco,2022,4.903,9310.0322265625,,0.535,0.337,75.1614,16.5,,Africa,MA
Iran,2022,4.876,,,1.102,0.411,76.7993,14.80987,0.5401,,
Senegal,2022,4.855,4530.22059496055,,0.727,0.231,67.7884,,,Africa,SN
Mauritania,2022,4.724,6484.82792132631,,0.764,0.244,68.2807,,,Africa,MR
Burkina Faso,2022,4.638,2645.24067996611,,0.814,0.107,60.7,,,Africa,BF
Namibia,2022,4.631,10662.7017064119,,1.126,0.145,64.1903,,,Africa,
Turkey,2022,4.614,,,1.148,0.467,77.5913,13.99586,0.6238,Asia,TR
Ghana,2022,4.605,7208.15798982723,,0.756,0.197,65.246,,,Africa,GH
Pakistan,2022,4.555,5920.27430654107,,0.657,0.158,67.4167,23.30827,,Asia,PK
Niger,2022,4.501,1839.96909675903,,0.628,0.137,60.3981,,,Africa,NE
Tunisia,2022,4.497,13618.5389918651,,0.981,0.422,76.0505,13.8245,,Africa,TN
Kenya,2022,4.487,5883.22303961921,,0.881,0.19,63.5491,9.478673,,Africa,KE
Sri Lanka,2022,4.442,14193.6546217446,,1.224,0.426,77.2996,,,Asia,LK
Uganda,2022,4.432,2919.17775407108,,1.144,0.201,67.6747,,,Africa,UG
Chad,2022,4.397,2624.11789713994,,0.962,0.043,54.5275,,0.5711,Africa,TD
Cambodia,2022,4.393,6918.81626947213,,1.024,0.283,70.528,,,Asia,KH
Benin,2022,4.374,3844.15415745816,,0.242,0.124,60.4751,,,Africa,BJ
Myanmar,2022,4.372,5731.93787872459,,1.125,0.269,66.5058,15.08333,,Asia,MM
Bangladesh,2022,4.282,8450.54902533941,,0.513,0.355,74.2647,12.91667,,Asia,BD
Gambia,2022,4.279,,,0.614,0.174,64.859,,,Africa,GM
Mali,2022,4.198,3014.4210732688,,0.637,0.106,60.0347,,,Africa,ML
Egypt,2022,4.17,,,0.972,0.326,71.0097,7.333333,,Africa,EG
Togo,2022,4.137,2935.01367320787,,0.642,0.161,62.2898,,,Africa,TG
Jordan,2022,4.12,9927.2341002506,,0.98,0.438,77.088,15.87697,,Asia,JO
Ethiopia,2022,4.091,2844.92274535753,,1.114,0.25,66.8971,11.86992,,Africa,ET
Liberia,2022,4.042,1691.57275721851,,0.644,0.141,61.9342,,,Africa,LR
India,2022,4.036,9207.12743040145,,0.674,0.252,71.6984,16.93882,0.6392,Asia,IN
Madagascar,2022,4.019,1716.97884873797,,0.779,0.178,63.0677,,,Africa,MG
Zambia,2022,3.982,3840.72450511139,,0.89,0.095,65.2791,,0.6769,Africa,ZM
Tanzania,2022,3.694,3799.8623046875,,0.787,0.214,66.8786,,,,
Comoros,2022,3.545,3641.62920390353,,0.327,0.215,66.4806,,,Africa,KM
Malawi,2022,3.495,1778.30582146001,,0.479,0.189,66.037,,,Africa,MW
Botswana,2022,3.435,19976.8343794474,,1.041,0.087,68.7487,,,Africa,BW
DR Congo,2022,3.207,,,0.784,0.105,,,,,
Zimbabwe,2022,3.204,5395.8562980064,,0.881,0.069,62.3601,2.139918,,Africa,ZW
Sierra Leone,2022,3.138,3143.96451050507,,0.54,0.092,61.2748,,,Africa,SL
Lebanon,2022,2.392,12292.8407305501,,0.476,0.398,78.0029,9.916667,,Asia,LB
Afghanistan,2022,1.859,2122.99581512663,,0.0,0.087,65.617,,,Asia,AF
Finland,2021,7.821,56790.3766177692,,1.258,0.775,81.8137,,0.4352,Europe,FI
Denmark,2021,7.636,69715.1809680929,,1.243,0.777,81.4363,,0.4412,Europe,DK
Iceland,2021,7.557,61610.2132740715,,1.32,0.803,82.8433,,,Europe,IS
Switzerland,2021,7.512,81001.4111206118,,1.226,0.822,83.6477,,0.4142,Europe,CH
Netherlands,2021,7.415,68573.5648786446,,1.206,0.787,81.356,,0.4153,,
Luxembourg,2021,7.404,136772.443753292,,1.155,0.79,81.8392,,0.4539,Europe,LU
Sweden,2021,7.384,62731.700616293,,1.204,0.803,83.0196,,0.4014,Europe,SE
Norway,2021,7.365,88984.1386736515,,1.239,0.786,83.1656,,0.399,Europe,NO
Israel,2021,7.364,46162.0822730247,,1.221,0.818,82.5169,,,Asia,IL
New Zealand,2021,7.2,48248.7176729892,,1.235,0.752,82.3003,,0.4999,Oceania,NZ
Austria,2021,7.163,62968.9422311892,,1.165,0.774,81.8204,,,Europe,AT
Australia,2021,7.162,58327.4146842325,,1.203,0.772,83.564,,0.4921,Oceania,AU
Ireland,2021,7.041,116903.61243517,,1.166,0.779,81.8608,,0.4787,Europe,IE
Germany,2021,7.034,62530.7653199239,,1.088,0.776,81.1059,,0.4883,Europe,DE
Canada,2021,7.025,56995.1176781351,,1.188,0.783,81.976,,0.4974,Americas,CA
United States,2021,6.977,71307.4017277218,,1.182,0.628,76.3836,,0.5831,Americas,US
United Kingdom,2021,6.943,51004.4271714238,,1.143,0.75,80.708,,0.4683,,
Czechia,2021,6.92,47796.0337408466,,1.26,0.715,77.2342,,0.381,Europe,CZ
Belgium,2021,6.805,60669.2137746531,,1.106,0.764,81.6591,,0.4505,Europe,BE
France,2021,6.687,52517.3354905855,,1.219,0.808,82.3216,,0.4625,Europe,FR
Bahrain,2021,6.647,54954.6757895532,,1.029,0.625,78.0826,,,Asia,BH
Slovenia,2021,6.63,45914.0572392406,,1.249,0.769,80.434,,0.4075,Europe,SI
Costa Rica,2021,6.582,23852.9253020002,,1.054,0.744,78.0501,,0.7081,Americas,CR
United Arab Emirates,2021,6.576,68580.1485423483,,0.98,0.633,79.0831,,,Asia,AE
Saudi Arabia,2021,6.523,62690.4966645929,,1.092,0.577,77.0887,,,Asia,SA
Taiwan Province of China,2021,6.512,,,1.095,0.733,,,,,
Singapore,2021,6.48,132617.354020876,,1.127,0.851,83.4846,,,Asia,SG
Romania,2021,6.477,37534.1559176911,,1.006,0.655,72.7405,,0.5402,Europe,RO
Spain,2021,6.476,44251.6658222621,,1.211,0.808,82.9508,,0.4484,Europe,ES
Uruguay,2021,6.474,29431.8850087471,,1.18,0.672,75.4345,,0.5748,Americas,UY
Italy,2021,6.467,49825.3934111848,,1.052,0.801,82.8652,,,Europe,IT
Kosovo,2021,6.455,12362.4210181213,,0.949,0.569,74.9812,,,,
Malta,2021,6.447,56852.3218512267,,1.169,0.789,82.3161,,,Europe,MT
Lithuania,2021,6.446,45873.5273239486,,1.204,0.659,74.2967,,0.5039,Europe,LT
Slovakia,2021,6.391,,,1.232,0.707,74.5901,,0.3785,Europe,SK
Estonia,2021,6.341,44251.5374983455,,1.232,0.728,77.4095,,0.5336,Europe,EE
Panama,2021,6.309,30932.7627809145,,1.107,0.709,77.0037,,,Americas,PA
Brazil,2021,6.293,18075.7060048757,,1.044,0.615,73.0377,,0.7093,Americas,BR
Guatemala,2021,6.262,11825.141273764,,0.831,0.522,67.8582,,,Americas,GT
Kazakhstan,2021,6.234,32945.8515725823,,1.22,0.611,70.1311,,,Asia,KZ
Cyprus,2021,6.221,47632.76953125,,0.909,0.819,80.5735,,0.4533,Asia,CY
Latvia,2021,6.18,36912.0130602161,,1.221,0.637,73.1809,,0.4928,Europe,LV
Serbia,2021,6.178,23406.4036315634,,1.086,0.658,72.853,,0.506,Europe,RS
Chile,2021,6.172,29089.850459728,,1.08,0.748,78.8764,,,Americas,CL
Nicaragua,2021,6.165,7119.16923360042,,1.029,0.617,70.4777,,,Americas,NI
Mexico,2021,6.128,20782.5877417545,,0.886,0.623,69.7499,,,Americas,MX
Croatia,2021,6.125,36930.2841941405,,1.183,0.709,77.1412,,0.472,Europe,HR
Poland,2021,6.123,41059.5847829682,,1.174,0.712,75.6387,,0.4849,Europe,PL
El Salvador,2021,6.12,10809.713399518,,0.768,0.607,69.9414,,0.6047,Americas,SV
Kuwait,2021,6.106,50651.9575337091,,0.983,0.747,77.625,,,Asia,KW
Hungary,2021,6.086,38887.1909527154,,1.233,0.668,74.1851,,0.4285,Europe,HU
Mauritius,2021,6.071,23010.2013826905,,1.116,0.568,72.903,,,Africa,MU
Uzbekistan,2021,6.063,9247.64382703929,,1.092,0.6,71.6808,,,Asia,UZ
Japan,2021,6.039,44355.3487163354,,1.089,0.866,84.55,,,Asia,JP
Honduras,2021,6.022,6202.98078812037,,0.885,0.555,69.4924,,,Americas,HN
Portugal,2021,6.016,38657.6677223425,,1.078,0.777,81.3978,,0.4656,Europe,PT
Argentina,2021,5.967,26300.274261175,,1.102,0.662,73.9485,,0.5714,Americas,AR
Greece,2021,5.948,33531.15511226,,0.98,0.774,80.5312,,0.4485,Europe,GR
Republic of Korea,2021,5.935,,,0.886,0.841,,,,,
Philippines,2021,5.904,8857.78995115514,,0.912,0.514,66.6755,,,Asia,PH
Thailand,2021,5.891,20242.7700035656,,1.096,0.697,77.6065,,0.6429,Asia,TH
Republic of Moldova,2021,5.857,,,1.008,0.597,,,,,
Jamaica,2021,5.85,10430.6909771759,,1.045,0.646,69.0846,,,Americas,JM
Kyrgyzstan,2021,5.828,,,1.109,0.638,69.2904,,,Asia,KG
Belarus,2021,5.821,27611.1801135157,,1.157,0.629,72.2206,,,Europe,BY
Colombia,2021,5.781,17383.0901728295,,0.929,0.72,72.6983,,0.7282,Americas,CO
Bosnia and Herzegovina,2021,5.768,18286.7373324233,,1.068,0.665,74.5673,,,Europe,BA
Mongolia,2021,5.761,14792.2509086422,,1.197,0.467,68.5654,,,Asia,MN
Dominican Republic,2021,5.737,22053.4589869955,,1.003,0.577,71.7575,,0.6268,Americas,DO
Malaysia,2021,5.711,29822.8491831618,,0.938,0.62,73.9172,,,Asia,MY
Bolivia,2021,5.6,11202.4409836707,,0.88,0.555,61.4268,,,,
China,2021,5.585,20843.2978347377,,0.958,0.705,78.1166,,,Asia,CN
Paraguay,2021,5.578,15406.1670646576,,1.13,0.624,68.1081,,,Americas,PY
Peru,2021,5.559,15280.5512106486,,0.865,0.735,71.5962,,0.7295,Americas,PE
Montenegro,2021,5.547,23690.0773513056,,1.023,0.659,73.7893,,0.5055,Europe,ME
Ecuador,2021,5.533,13507.4445638375,,0.879,0.708,72.7465,,0.6314,Americas,EC
Viet Nam,2021,5.485,12048.9019935536,,0.932,0.611,,,,Asia,VN
Turkmenistan,2021,5.474,16434.1399060353,,1.319,0.516,69.3525,,,Asia,TM
North Cyprus,2021,5.467,,,0.888,0.819,,,,,
Russian Federation,2021,5.459,38638.4296875,,1.095,0.586,,,,Europe,RU
Hong Kong SAR of China,2021,5.425,,,0.954,0.942,,,,,
Armenia,2021,5.399,15921.705281964,,0.82,0.668,72.5524,,,Asia,AM
Tajikistan,2021,5.377,3985.91247611219,,1.005,0.518,69.5935,,,Asia,TJ
Nepal,2021,5.377,4546.22970006289,,0.784,0.499,68.3846,,,Asia,NP
Bulgaria,2021,5.371,30959.1118459807,,1.163,0.64,71.4137,,0.5455,Europe,BG
Libya,2021,5.33,12641.5097714075,,0.943,0.606,72.0617,,,Africa,LY
Indonesia,2021,5.24,12757.0746440204,,0.883,0.539,67.4516,,,Asia,ID
Côte d’Ivoire,2021,5.235,,,0.442,0.322,,,,,
North Macedonia,2021,5.199,22144.2842571431,,0.863,0.637,73.2918,,,Europe,MK
Albania,2021,5.199,18212.8702466686,,0.646,0.719,76.8442,,0.485,Europe,AL
South Africa,2021,5.194,13681.9548144813,,1.088,0.361,62.0099,,,Africa,ZA
Azerbaijan,2021,5.173,20111.3756952109,,1.093,0.56,70.9994,,,Asia,AZ
Gambia,2021,5.164,,,0.621,0.369,63.8475,,,Africa,GM
Bangladesh,2021,5.155,7441.06913961254,,0.614,0.581,71.1035,,,Asia,BD
Lao PDR,2021,5.14,8080.43553249923,,0.654,0.479,,,,,
Algeria,2021,5.122,14496.8654697299,,0.97,0.643,75.2077,,,Africa,DZ
Liberia,2021,5.122,1539.20892304674,,0.67,0.309,61.1658,,,Africa,LR
Ukraine,2021,5.084,17846.408203125,,1.081,0.583,71.6308,,,Europe,UA
Congo,2021,5.075,,,0.405,0.355,64.1918,,,Africa,CG
Morocco,2021,5.06,8623.265625,,0.268,0.565,73.3848,,,Africa,MA
Mozambique,2021,5.048,1457.23540930922,,0.66,0.191,60.2683,,,Africa,MZ
Cameroon,2021,5.048,4793.55628200196,,0.672,0.317,61.1463,,0.5996,Africa,CM
Senegal,2021,5.046,4173.67741399619,,0.53,0.447,66.8685,,0.564,Africa,SN
Niger,2021,5.003,1585.59922021188,,0.56,0.326,59.5422,,0.5503,Africa,NE
Georgia,2021,4.973,18915.6534005263,,0.612,0.595,71.6353,,,Asia,GE
Gabon,2021,4.958,18523.5798032193,,0.738,0.396,67.0715,,,Africa,GA
Iraq,2021,4.941,12731.7535755129,,0.682,0.554,70.7036,,,Asia,IQ
Venezuela,2021,4.925,,,0.968,0.578,71.5364,,,,
Guinea,2021,4.891,3738.8051255133,,0.566,0.275,59.3728,,,Africa,GN
Iran,2021,4.888,,,0.741,0.642,73.7521,,0.5483,,
Ghana,2021,4.872,6607.50297378321,,0.595,0.409,64.2862,,,Africa,GH
Turkey,2021,4.744,,,0.865,0.702,75.7222,,0.6023,Asia,TR
Burkina Faso,2021,4.67,2486.43093147762,,0.565,0.32,60.0463,,0.5796,Africa,BF
Cambodia,2021,4.64,6225.53265474741,,0.732,0.505,69.3012,,,Asia,KH
Benin,2021,4.623,3464.2886286745,,0.064,0.335,59.6103,,0.5469,Africa,BJ
Comoros,2021,4.609,3377.88518482587,,0.476,0.424,65.2009,,,Africa,KM
Uganda,2021,4.603,2684.92035939744,,0.875,0.418,66.4497,,,Africa,UG
Nigeria,2021,4.552,7588.47885596359,,0.732,0.3,53.455,,,Africa,NG
Kenya,2021,4.543,5338.85243382781,,0.605,0.401,61.2253,,0.5953,Africa,KE
Tunisia,2021,4.516,12444.3264026887,,0.596,0.656,72.8928,,0.6253,Africa,TN
Pakistan,2021,4.516,5367.27364714762,,0.413,0.374,65.7731,,,Asia,PK
State of Palestine,2021,4.483,,,0.957,0.521,,,,,
Mali,2021,4.479,2796.22793795433,,0.483,0.311,59.116,,0.56,Africa,ML
Namibia,2021,4.459,9709.09930646771,,0.877,0.354,60.8499,,,Africa,
Eswatini,2021,4.396,9990.43491951205,,0.786,0.197,58.2284,,,Africa,SZ
Myanmar,2021,4.394,5178.44718217164,,0.829,0.491,65.5535,,,Asia,MM
Sri Lanka,2021,4.362,14316.1352225683,,0.934,0.66,76.2779,,,Asia,LK
Madagascar,2021,4.339,1577.43246056529,,0.645,0.378,62.5157,,0.5719,Africa,MG
Egypt,2021,4.288,,,0.732,0.548,68.9759,,,Africa,EG
Chad,2021,4.251,2435.07274651099,,0.506,0.225,53.1362,,,Africa,TD
Ethiopia,2021,4.241,2588.41310215884,,0.809,0.457,65.3299,,0.5157,Africa,ET
Yemen,2021,4.197,,,1.043,0.384,66.0191,,,Asia,YE
Mauritania,2021,4.153,5836.56580821897,,0.865,0.45,66.7618,,,Africa,MR
Jordan,2021,4.152,9182.496161256,,0.724,0.675,74.2042,,,Asia,JO
Togo,2021,4.112,2638.81095267963,,0.322,0.36,61.3285,,0.5761,Africa,TG
India,2021,3.777,8050.01857452664,,0.376,0.471,67.2823,,0.632,Asia,IN
Zambia,2021,3.76,3503.03491418372,,0.577,0.306,62.3631,,,Africa,ZM
Malawi,2021,3.75,1687.59358179651,,0.279,0.388,64.782,,,Africa,MW
Tanzania,2021,3.702,3493.0830078125,,0.597,0.425,66.1306,,,,
Sierra Leone,2021,3.574,2849.38865926436,,0.416,0.273,60.2596,,,Africa,SL
Lesotho,2021,3.512,2544.78249551214,,0.848,0.0,54.2091,,,Africa,LS
Botswana,2021,3.471,17960.6254447437,,0.815,0.28,63.3025,,,Africa,BW
Rwanda,2021,3.268,2733.43566762447,,0.133,0.462,66.8496,,,Africa,RW
Zimbabwe,2021,2.995,4827.0886936086,,0.69,0.27,60.1347,,,Africa,ZW
Lebanon,2021,2.955,11599.7755083765,,0.498,0.631,73.6495,,,Asia,LB
Afghanistan,2021,2.404,2144.16657002819,,0.0,0.289,60.4174,,,Asia,AF
Finland,2020,7.842,53296.5792798852,1.6250727850364182,1.106,0.741,81.8219,,0.4386,Europe,FI
Denmark,2020,7.62,62682.2899474389,5.8274335550921785,1.108,0.763,81.5458,,0.4394,Europe,DK
Switzerland,2020,7.571,72997.8239503282,4.2491169388000625,1.079,0.816,83.0626,,0.4127,Europe,CH
Iceland,2020,7.554,55796.7454667632,3.1149040072772536,1.172,0.772,82.7113,,,Europe,IS
Netherlands,2020,7.464,62596.6302027524,3.239462029959849,1.079,0.753,81.3931,,0.4122,,
Norway,2020,7.392,67110.6045705502,7.663419372996922,1.108,0.782,83.1953,,0.3959,Europe,NO
Sweden,2020,7.363,57489.2657196219,8.72225791830412,1.062,0.763,82.4271,,0.4038,Europe,SE
Luxembourg,2020,7.324,122066.739147202,6.808951081299873,1.003,0.76,81.4108,,0.4607,Europe,LU
New Zealand,2020,7.277,45513.3123768343,1.8826174171681538,1.094,0.785,82.6628,,0.4819,Oceania,NZ
Austria,2020,7.268,58523.0337816246,3.8635137429493107,1.062,0.782,81.8037,,,Europe,AT
Australia,2020,7.183,54184.1614486854,18.075426935950098,1.076,0.801,83.6639,,0.4819,Oceania,AU
Israel,2020,7.157,40955.2856179152,5.265565556277257,1.074,0.788,82.6997,,,Asia,IL
Germany,2020,7.155,58685.872699771,2.65251195105366,0.993,0.757,81.0036,,0.4886,Europe,DE
Canada,2020,7.103,48590.6832121939,6.2532766057486295,1.044,0.798,81.6536,,0.4967,Americas,CA
Ireland,2020,7.085,97799.9225748607,1.1092448837502535,1.092,0.753,82.3897,,0.477,Europe,IE
Costa Rica,2020,7.069,22099.8678127394,11.584520963589554,0.966,0.722,79.7252,,0.7167,Americas,CR
United Kingdom,2020,7.064,48230.0477027461,1.645055947474822,1.062,0.757,80.3854,,0.4663,,
Czechia,2020,6.965,44839.4822099455,1.117715512004121,1.09,0.703,78.237,,0.3809,Europe,CZ
United States,2020,6.951,64401.5074354209,14.737167863963931,1.03,0.621,77.0115,,0.5739,Americas,US
Belgium,2020,6.834,56120.0958420466,3.8735558820542897,0.998,0.747,80.7977,,0.4501,Europe,BE
France,2020,6.69,49481.8044309655,3.250142904281629,1.081,0.804,82.1993,,0.4541,Europe,FR
Bahrain,2020,6.647,53436.0316999712,16.592247993650233,0.899,0.662,78.6833,,,Asia,BH
Malta,2020,6.602,49971.8784010216,2.233362548663908,1.055,0.747,82.3358,,0.4706,Europe,MT
Taiwan Province of China,2020,6.584,,,0.982,0.665,,,,,
United Arab Emirates,2020,6.561,66790.6822664754,48.71679453913457,0.86,0.594,81.9363,,,Asia,AE
Saudi Arabia,2020,6.494,47518.4877485153,58.36095865943559,0.964,0.571,77.5962,,,Asia,SA
Spain,2020,6.491,39327.8479269599,4.618598314062728,1.057,0.826,82.2413,,0.4479,Europe,ES
Italy,2020,6.483,44435.6434393527,2.1397857806789653,0.94,0.798,82.1814,,,Europe,IT
Slovenia,2020,6.461,41767.2579899957,3.4172176444466373,1.093,0.722,80.3641,,0.4075,Europe,SI
Guatemala,2020,6.435,10947.3711292197,0.06393236597467154,0.79,0.519,69.9707,,,Americas,GT
Uruguay,2020,6.431,25725.258216942,0.38978411600290314,1.042,0.649,78.3811,,0.5681,Americas,UY
Singapore,2020,6.377,101518.31798444,9.290868738350088,1.019,0.897,83.6607,,,Asia,SG
Kosovo,2020,6.372,10532.5054692849,,0.807,0.483,74.2118,,,,
Slovakia,2020,6.331,,0.4995931032909197,1.066,0.653,76.8643,,0.3785,Europe,SK
Brazil,2020,6.33,16101.6183062954,0.49059739761239346,0.944,0.571,74.5058,,0.7033,Americas,BR
Mexico,2020,6.317,19354.1248706244,0.11599823867122536,0.83,0.634,70.4492,,0.7333,Americas,MX
Jamaica,2020,6.309,9764.3525879784,0.017954132052543453,0.932,0.599,71.4519,,,Americas,JM
Lithuania,2020,6.255,41262.7276941725,0.33171479624712663,1.065,0.612,75.105,,0.5048,Europe,LT
Cyprus,2020,6.223,42569.0546875,2.47933393196704,0.765,0.801,81.2302,,0.4558,Asia,CY
Estonia,2020,6.189,40672.1340402132,1.6116899084349823,1.079,0.64,78.8929,,0.5255,Europe,EE
Panama,2020,6.18,27017.0033790906,1.735875501963358,0.976,0.667,76.3302,,,Americas,PA
Uzbekistan,2020,6.179,8451.72505108114,0.5188004631246772,1.027,0.528,71.4613,,,Asia,UZ
Chile,2020,6.172,25350.8635082972,3.412413793103448,0.946,0.678,79.3488,,0.7187,Americas,CL
Poland,2020,6.166,37089.3004256812,0.16468138489408432,0.982,0.668,76.5951,,0.4841,Europe,PL
Kazakhstan,2020,6.152,29039.8229624509,0.6378227112398277,1.103,0.527,71.1952,,,Asia,KZ
Romania,2020,6.14,34193.8374521868,0.07326709332473082,0.832,0.595,74.0464,,0.5397,Europe,RO
Kuwait,2020,6.106,41461.7235642777,19.406951383006398,0.857,0.58,78.2483,,,Asia,KW
Serbia,2020,6.078,21013.0512590365,0.837449526979066,0.924,0.634,74.5065,,0.5098,Europe,RS
El Salvador,2020,6.061,9392.68913817943,0.02536038393324391,0.675,0.565,70.2436,,0.6412,Americas,SV
Mauritius,2020,6.049,21621.5971225158,0.2437973396140567,0.996,0.574,74.6572,,,Africa,MU
Latvia,2020,6.032,32741.4207691987,1.4346669223577917,1.047,0.587,75.4781,,0.4914,Europe,LV
Colombia,2020,6.012,15519.2101694656,0.6053174224313516,0.866,0.615,74.7565,,0.7348,Americas,CO
Hungary,2020,5.992,35583.5855675637,1.0886508239048334,1.083,0.615,75.7302,,0.4294,Europe,HU
Thailand,2020,5.985,19163.7415152349,2.5149446847747887,0.957,0.596,77.3314,,0.6185,Asia,TH
Nicaragua,2020,5.972,6274.09456741388,0.05358133925331398,0.904,0.604,70.7662,,,Americas,NI
Japan,2020,5.94,42425.6946789651,3.527119437736965,0.949,0.838,84.6703,,,Asia,JP
Argentina,2020,5.929,22393.3479575353,1.7000315457413249,0.98,0.646,75.8781,,0.6113,Americas,AR
Portugal,2020,5.929,35966.712796561,0.5769765828274067,0.939,0.76,81.3664,,0.4742,Europe,PT
Honduras,2020,5.919,5384.69831983038,0.0367189076351266,0.787,0.593,70.864,,,Americas,HN
Croatia,2020,5.882,31594.0111922141,0.6340766921321295,1.039,0.703,77.4972,,0.4705,Europe,HR
Philippines,2020,5.88,8238.36802037457,0.01066709218852682,0.828,0.426,70.0974,,,Asia,PH
Republic of Korea,2020,5.845,,0.758631090316553,0.758,0.801,,,,,
Peru,2020,5.84,12563.3038060893,0.7989555581574167,0.833,0.623,73.8315,,0.7624,Americas,PE
Bosnia and Herzegovina,2020,5.813,16369.9353197836,0.022789507258102158,0.919,0.618,76.0395,,,Europe,BA
Republic of Moldova,2020,5.766,,0.0665290105370927,0.888,0.542,,,,,
Ecuador,2020,5.764,11526.8013009278,0.640549987931019,0.806,0.64,72.0036,,0.6227,Americas,EC
Kyrgyzstan,2020,5.744,,0.3330351798327376,0.971,0.501,69.136,,,Asia,KG
Greece,2020,5.723,29533.087740299,1.7274028827505332,0.811,0.76,81.5361,,0.4452,Europe,GR
Bolivia,2020,5.716,9580.98962081658,,0.782,0.486,62.906,,,,
Mongolia,2020,5.677,13693.179806943,0.13425895776078772,1.065,0.442,70.0291,,,Asia,MN
Paraguay,2020,5.653,14308.8787738305,0.233530964581657,0.97,0.549,72.7197,,,Americas,PY
Montenegro,2020,5.581,20624.7838079303,0.7391983616767478,0.891,0.637,75.8503,,0.5054,Europe,ME
Dominican Republic,2020,5.545,18998.3069667315,0.35181808291233846,0.879,0.555,72.6358,,0.643,Americas,DO
North Cyprus,2020,5.536,,,0.806,0.801,,,,,
Belarus,2020,5.534,24872.3066744528,1.160219648514523,1.007,0.56,72.269,,,Europe,BY
Russian Federation,2020,5.477,31490.8046875,0.8213589507094454,0.992,0.511,,,,Europe,RU
Hong Kong SAR of China,2020,5.477,,,0.841,0.893,,,,,
Tajikistan,2020,5.466,3653.95976759112,0.5323246695329348,0.895,0.498,68.6054,,,Asia,TJ
Viet Nam,2020,5.411,11609.3177276423,0.02207720144462954,0.873,0.616,,,,Asia,VN
Libya,2020,5.41,10954.799045265,5.696208899884909,0.821,0.435,72.3882,,,Africa,LY
Malaysia,2020,5.384,27474.7361378236,1.64261032156614,0.797,0.587,76.0566,,,Asia,MY
Indonesia,2020,5.345,11729.3674458448,0.08389792545759234,0.786,0.433,68.8173,,,Asia,ID
Congo,2020,5.342,,1.721285877050036,0.392,0.307,64.3907,,,Africa,CG
China,2020,5.339,18267.4783455827,0.12069560714593941,0.785,0.665,78.0191,,,Asia,CN
Côte d’Ivoire,2020,5.306,,,0.409,0.052,,,,,
Armenia,2020,5.283,14706.3173043422,0.2463310213042178,0.758,0.585,68.8898,,,Asia,AM
Nepal,2020,5.269,4235.57462326905,0.201602054076429,0.702,0.496,69.1065,,,Asia,NP
Bulgaria,2020,5.266,27351.8607448601,0.15593536104899164,1.055,0.583,73.5992,,0.5308,Europe,BG
Maldives,2020,5.198,13425.3674459601,24.227524972253054,1.015,0.697,78.713,,,Asia,MV
Azerbaijan,2020,5.171,15163.5703327282,0.24486724834898915,0.841,0.541,70.3116,,,Asia,AZ
Cameroon,2020,5.142,4365.44704128392,1.5779739951328389,0.556,0.159,61.6738,,,Africa,CM
Senegal,2020,5.132,3752.91947490817,0.3463450171614832,0.558,0.357,67.4961,,,Africa,SN
Albania,2020,5.117,16287.6097663649,0.039315159953942976,0.529,0.646,77.8241,,0.4823,Europe,AL
North Macedonia,2020,5.101,19962.1482468276,0.2674116922163858,0.772,0.535,74.4687,,,Europe,MK
Ghana,2020,5.088,6047.30111673554,0.4212886765473994,0.595,0.287,64.3089,,,Africa,GH
Niger,2020,5.074,1496.83350023022,0.7997405051755068,0.402,0.167,59.8903,,,Africa,NE
Turkmenistan,2020,5.066,15090.9394971778,0.49669949815713305,1.172,0.439,68.8457,,,Asia,TM
Gambia,2020,5.051,,3.410930118911875,0.511,0.21,64.4183,,0.5864,Africa,GM
Benin,2020,5.045,3244.58772756805,0.5193263313064308,0.058,0.196,60.154,,,Africa,BJ
Lao PDR,2020,5.03,7913.38660650276,,0.598,0.33,,,,,
Bangladesh,2020,5.025,6640.58437331062,0.22147732187622868,0.52,0.514,71.4211,,,Asia,BD
Guinea,2020,4.984,3331.85663003801,0.23591439959950064,0.399,0.206,59.3499,,,Africa,GN
South Africa,2020,4.956,12671.0862436851,2.806643932384995,0.895,0.265,65.1502,,,Africa,ZA
Turkey,2020,4.948,,2.2674917145761793,0.809,0.59,76.5255,,0.6135,Asia,TR
Pakistan,2020,4.934,5048.0213062963,0.5023588195905918,0.423,0.322,65.7015,,,Asia,PK
Morocco,2020,4.918,7704.84912109375,0.025858367469641715,0.219,0.558,73.1327,,,Africa,MA
Venezuela,2020,4.892,,,0.897,0.574,72.3693,,,,
Georgia,2020,4.891,16791.2598654465,0.13981400670338617,0.47,0.498,73.5094,,,Asia,GE
Algeria,2020,4.887,12676.5130564294,0.13974718695861432,0.765,0.552,73.2568,,,Africa,DZ
Ukraine,2020,4.875,15541.02734375,1.0500811962974763,0.958,0.517,73.2833,,,Europe,UA
Iraq,2020,4.854,10573.9304750715,0.1487874615653856,0.638,0.381,69.6506,,,Asia,IQ
Gabon,2020,4.852,14477.1308291744,7.504967346863264,0.707,0.362,67.0725,,,Africa,GA
Burkina Faso,2020,4.834,2380.72282781802,0.352099614462853,0.472,0.179,60.4536,,,Africa,BF
Cambodia,2020,4.83,5942.45380373929,0.10489108878164871,0.68,0.426,70.0594,,,Asia,KH
Mozambique,2020,4.794,1411.62040229911,0.4673351154764911,0.634,0.196,61.3904,,,Africa,MZ
Nigeria,2020,4.759,7414.7749554048,0.6656218687162274,0.625,0.051,53.0724,,,Africa,NG
Mali,2020,4.723,2723.70094784441,0.3857821871942856,0.59,0.11,58.8577,,,Africa,ML
Iran,2020,4.721,,,0.557,0.561,74.1406,,0.5507,,
Uganda,2020,4.636,2532.21950102069,3.008806958230489,0.718,0.24,66.4098,,,Africa,UG
Liberia,2020,4.625,1659.52109145991,0.5514554672494417,0.58,0.253,61.2672,,,Africa,LR
Kenya,2020,4.607,4792.57315847182,2.030773530416421,0.508,0.385,61.5958,,,Africa,KE
Tunisia,2020,4.596,11918.066205483,0.07193708842600903,0.515,0.59,75.0035,,,Africa,TN
Lebanon,2020,4.584,16259.7051312281,2.441753780477949,0.868,0.595,76.2988,,,Asia,LB
Namibia,2020,4.574,9354.13136713077,2.536982213485541,0.801,0.262,64.0712,,,Africa,
State of Palestine,2020,4.517,,0.061444365003447174,0.819,0.434,,,,,
Myanmar,2020,4.426,5740.99045843992,0.018439457492974726,0.713,0.341,66.6121,,,Asia,MM
Jordan,2020,4.395,9579.20081317696,7.802376332463477,0.685,0.583,75.5831,,,Asia,JO
Chad,2020,4.355,2185.99034173537,2.551352650040844,0.353,0.0,53.0818,,,Africa,TD
Sri Lanka,2020,4.325,12940.9043295749,0.02716316126593071,0.82,0.593,76.9281,,,Asia,LK
Swaziland,2020,4.308,,,0.693,0.074,,,,,
Comoros,2020,4.289,3244.8867496847,0.04272986566889529,0.367,0.279,65.7559,,,Africa,KM
Egypt,2020,4.283,,0.12499896167211873,0.647,0.426,69.7897,,0.5773,Africa,EG
Ethiopia,2020,4.275,2406.78938478669,0.7745882011600019,0.679,0.331,65.9688,,,Africa,ET
Mauritania,2020,4.227,5740.73959690129,2.043571850154498,0.749,0.273,66.7943,,,Africa,MR
Madagascar,2020,4.208,1490.32312837866,0.1320781534744184,0.503,0.341,62.706,,,Africa,MG
Togo,2020,4.107,2384.06645451827,0.4782607890315757,0.239,0.203,61.1225,,,Africa,TG
Zambia,2020,4.073,3157.30009311643,1.3557704035582732,0.552,0.231,63.3607,,,Africa,ZM
Sierra Leone,2020,3.849,2719.07286815807,0.8132040627885503,0.377,0.1,59.6935,,,Africa,SL
India,2020,3.819,6966.27542785911,0.273042294629433,0.316,0.383,70.1563,,0.6302,Asia,IN
Burundi,2020,3.775,958.135599490084,0.5665834743015282,0.062,0.155,62.5694,,0.5771,Africa,BI
Yemen,2020,3.658,,0.15717841671636673,0.831,0.272,66.4354,,,Asia,YE
Tanzania,2020,3.623,3290.60986328125,,0.54,0.3,66.7712,,,,
Haiti,2020,3.615,3103.18066312462,0.00989517192450384,0.173,0.227,63.773,,,Americas,HT
Malawi,2020,3.6,1513.45990803344,0.42889245241530216,0.168,0.298,65.2159,,,Africa,MW
Lesotho,2020,3.512,2559.09776077846,0.03205918070488383,0.731,0.007,55.1325,,,Africa,LS
Botswana,2020,3.467,15292.2624673252,5.929930447778353,0.724,0.34,67.6426,,,Africa,BW
Rwanda,2020,3.415,2284.89889795328,1.037626809435567,0.202,0.407,66.9534,,,Africa,RW
Zimbabwe,2020,3.145,4178.58557943828,0.21535749299241375,0.649,0.243,61.53,,,Africa,ZW
Afghanistan,2020,2.523,2561.98176058622,0.01869862355051679,0.0,0.126,61.4537,,,Asia,AF
Finland,2019,7.809,52276.1115723992,,1.5,0.961,81.8643,,0.4386,Europe,FI
Denmark,2019,7.646,60594.966400191,,1.503,0.979,81.4343,,0.4394,Europe,DK
Switzerland,2019,7.56,73732.2353322093,,1.472,1.041,83.7804,,0.4127,Europe,CH
Iceland,2019,7.504,60523.8179440825,,1.548,1.001,82.8474,,,Europe,IS
Norway,2019,7.488,70939.605518036,,1.495,1.008,82.9553,,,Europe,NO
Netherlands,2019,7.449,62345.2538465433,,1.464,0.976,82.053,,0.4122,,
Sweden,2019,7.353,57046.4463076951,,1.433,0.986,83.0518,,0.4038,Europe,SE
New Zealand,2019,7.3,45278.4587226734,,1.487,1.008,81.8322,,0.4444,Oceania,NZ
Austria,2019,7.294,60354.9279422121,,1.437,1.001,81.9072,,,Europe,AT
Luxembourg,2019,7.238,121371.73990307,,1.388,0.986,81.5879,,0.4607,Europe,LU
Canada,2019,7.232,50498.9731057448,,1.435,1.023,82.2848,,0.483,Americas,CA
Australia,2019,7.223,52885.8313816377,,1.477,1.023,83.2412,,0.4817,Oceania,AU
United Kingdom,2019,7.165,50064.9605582187,,1.458,0.976,81.4426,,0.4663,,
Israel,2019,7.129,41325.1783656756,,1.403,1.008,82.9048,,,Asia,IL
Costa Rica,2019,7.121,23339.6091317787,,1.375,0.94,80.2963,,0.6904,Americas,CR
Ireland,2019,7.094,92022.59879983,,1.471,0.976,82.4108,,0.477,Europe,IE
Germany,2019,7.076,59270.7276496985,,1.369,0.972,81.1893,,0.4886,Europe,DE
United States,2019,6.94,65227.9565911035,,1.405,0.832,78.916,,0.5805,Americas,US
Czechia,2019,6.911,45614.0171132532,,1.405,0.895,79.1853,,0.3809,Europe,CZ
Belgium,2019,6.864,56712.469571978,,1.399,0.965,81.8353,,0.4501,Europe,BE
United Arab Emirates,2019,6.791,79816.3010904406,,1.251,0.788,82.5961,,,Asia,AE
Malta,2019,6.773,51392.8152819605,,1.443,0.972,82.8387,,0.4706,Europe,MT
France,2019,6.664,51130.4723140578,,1.459,1.03,82.7304,,0.4557,Europe,FR
Mexico,2019,6.465,20964.2774847072,,1.226,0.832,74.5302,,,Americas,MX
Taiwan Province of China,2019,6.455,,,1.358,0.878,,,,,
Uruguay,2019,6.44,25782.6890198871,,1.425,0.857,77.5028,,0.5649,Americas,UY
Saudi Arabia,2019,6.406,59560.2537904546,,1.31,0.76,78.3132,,,Asia,SA
Spain,2019,6.401,44042.757577336,,1.421,1.051,83.4794,,0.4479,Europe,ES
Guatemala,2019,6.399,10755.8801029589,,1.174,0.706,71.6394,,,Americas,GT
Italy,2019,6.387,46661.9105159611,,1.347,1.023,83.3423,,,Europe,IT
Singapore,2019,6.377,105335.291974111,,1.395,1.138,83.6622,,,Asia,SG
Brazil,2019,6.376,16069.838015161,,1.363,0.766,75.8093,,0.675,Americas,BR
Slovenia,2019,6.363,42373.2506369279,,1.465,0.933,81.007,,0.4075,Europe,SI
El Salvador,2019,6.348,9756.7521864595,,1.149,0.753,71.7253,,0.6164,Americas,SV
Kosovo,2019,6.325,10861.0531745974,,1.184,0.673,77.2489,,,,
Panama,2019,6.305,33239.7332276186,,1.376,0.879,78.5145,,,Americas,PA
Slovakia,2019,6.281,,,1.424,0.853,77.6863,,0.3785,Europe,SK
Uzbekistan,2019,6.258,8544.08026729718,,1.434,0.717,72.0934,,,Asia,UZ
Chile,2019,6.228,25611.7578269458,,1.323,0.889,80.3243,,,Americas,CL
Bahrain,2019,6.227,56599.5214364411,,1.315,0.839,80.4706,,,Asia,BH
Lithuania,2019,6.215,40563.8304884555,,1.433,0.795,76.4245,,0.5038,Europe,LT
Trinidad and Tobago,2019,6.192,29315.8054064667,,1.407,0.659,72.8357,,,Americas,TT
Poland,2019,6.186,35882.3655065553,,1.31,0.868,77.9213,,0.4841,Europe,PL
Colombia,2019,6.163,16181.5908990662,,1.334,0.81,76.7927,,0.7091,Americas,CO
Cyprus,2019,6.159,44393.9921875,,1.149,1.026,81.4543,,0.4558,Asia,CY
Nicaragua,2019,6.137,5981.10876431466,,1.271,0.803,73.7637,,,Americas,NI
Romania,2019,6.124,33425.326172666,,1.194,0.792,75.3288,,0.5397,Europe,RO
Kuwait,2019,6.102,50703.0001343301,,1.245,0.776,80.0223,,,Asia,KW
Mauritius,2019,6.101,24374.7818286566,,1.396,0.763,74.1811,,,Africa,MU
Kazakhstan,2019,6.058,28689.2710838374,,1.453,0.699,73.6581,,,Asia,KZ
Estonia,2019,6.022,40586.3784378888,,1.453,0.843,78.7728,,0.5255,Europe,EE
Philippines,2019,6.006,8924.10116402887,,1.245,0.602,69.6804,,,Asia,PH
Hungary,2019,6.0,35627.2315520858,,1.423,0.807,76.4546,,0.4294,Europe,HU
Thailand,2019,5.999,19963.3918407099,,1.348,0.794,77.1967,,0.6101,Asia,TH
Argentina,2019,5.975,23516.8261980886,,1.373,0.85,76.8475,,0.5822,Americas,AR
Honduras,2019,5.953,5784.93081057111,,1.187,0.792,72.1238,,,Americas,HN
Latvia,2019,5.95,32199.0960377091,,1.414,0.778,75.6278,,0.4914,Europe,LV
Ecuador,2019,5.925,12543.0148243925,,1.221,0.839,77.2862,,0.5882,Americas,EC
Portugal,2019,5.911,37865.5603564295,,1.34,0.979,81.9587,,0.4742,Europe,PT
Jamaica,2019,5.89,10845.0113635875,,1.408,0.788,71.5316,,,Americas,JM
Republic of Korea,2019,5.872,,,1.134,1.023,,,,,
Japan,2019,5.871,42678.1511448354,,1.332,1.073,84.4177,,,Asia,JP
Peru,2019,5.797,13563.5372933551,,1.208,0.824,76.2749,,0.6715,Americas,PE
Serbia,2019,5.778,20587.382536041,,1.327,0.828,76.0585,,0.5098,Europe,RS
Bolivia,2019,5.747,11005.3541169156,,1.142,0.662,67.8198,,,,
Pakistan,2019,5.693,5037.53401559745,,0.873,0.47,66.7288,,,Asia,PK
Paraguay,2019,5.692,14149.598522753,,1.368,0.736,73.6681,,,Americas,PY
Dominican Republic,2019,5.689,19766.7628586981,,1.329,0.742,73.1119,,0.6491,Americas,DO
Bosnia and Herzegovina,2019,5.674,16428.8136580107,,1.204,0.814,77.3939,,,Europe,BA
Republic of Moldova,2019,5.608,,,1.237,0.713,,,,,
Tajikistan,2019,5.556,3459.97365083434,,1.218,0.681,70.962,,,Asia,TJ
Montenegro,2019,5.546,23705.5248672453,,1.266,0.839,76.6392,,,Europe,ME
Russian Federation,2019,5.546,30963.853515625,,1.379,0.68,,,,Europe,RU
Kyrgyzstan,2019,5.542,,,1.341,0.681,70.8907,,0.5371,Asia,KG
Belarus,2019,5.54,22301.5932411839,,1.387,0.753,74.2555,,,Europe,BY
North Cyprus,2019,5.536,,,1.183,1.026,,,,,
Greece,2019,5.515,31927.3792151369,,1.169,0.979,81.3487,,0.4452,Europe,GR
Hong Kong SAR of China,2019,5.51,,,1.244,1.137,,,,,
Croatia,2019,5.505,33063.9101734438,,1.311,0.901,78.197,,0.4705,Europe,HR
Libya,2019,5.489,16194.1082061146,,1.196,0.616,72.9412,,,Africa,LY
Mongolia,2019,5.456,13604.978943194,,1.459,0.616,70.6631,,,Asia,MN
Malaysia,2019,5.384,28933.928297233,,1.174,0.789,75.9005,,0.4768,Asia,MY
Viet Nam,2019,5.353,11029.2732083963,,1.253,0.819,,,,Asia,VN
Indonesia,2019,5.286,11986.4701508376,,1.155,0.61,70.3491,,,Asia,ID
Côte d’Ivoire,2019,5.233,,,0.8,0.155,,,,,
Benin,2019,5.216,3148.97969597838,,0.352,0.328,59.8875,,,Africa,BJ
Maldives,2019,5.198,23077.2112236652,,1.402,0.914,79.7071,,,Asia,MV
Congo,2019,5.194,,,0.758,0.458,63.1523,,,Africa,CG
Azerbaijan,2019,5.165,16675.3179361558,,1.181,0.731,73.29,,,Asia,AZ
North Macedonia,2019,5.16,20222.5954834227,,1.183,0.803,76.8346,,,Europe,MK
Ghana,2019,5.148,6002.55044678386,,0.966,0.432,64.4554,,,Africa,GH
Nepal,2019,5.137,4260.67373190851,,1.101,0.669,69.2992,,,Asia,NP
Turkey,2019,5.132,,,1.197,0.781,77.737,,0.6363,Asia,TR
China,2019,5.124,17600.8907568493,,1.132,0.867,77.9396,,,Asia,CN
Turkmenistan,2019,5.119,15477.7237643978,,1.51,0.612,69.4046,,,Asia,TM
Bulgaria,2019,5.102,26765.7192049867,,1.461,0.778,75.0874,,0.5308,Europe,BG
Morocco,2019,5.095,8046.22900390625,,0.645,0.745,74.2446,,,Africa,MA
Cameroon,2019,5.085,4241.11174920592,,0.9,0.27,61.6952,,,Africa,CM
Venezuela,2019,5.053,,,1.349,0.767,72.7664,,,,
Algeria,2019,5.005,13892.5333446205,,1.143,0.745,75.6818,,,Africa,DZ
Senegal,2019,4.981,3647.95137357242,,0.955,0.518,67.668,,,Africa,SN
Guinea,2019,4.949,3105.82789015443,,0.751,0.334,59.3785,,,Africa,GN
Niger,2019,4.91,1419.16805070193,,0.704,0.299,60.031,,,Africa,NE
Lao PDR,2019,4.889,7743.21906534261,,0.987,0.486,,,,,
Albania,2019,4.883,16442.1259393239,,0.83,0.846,79.4669,,0.4826,Europe,AL
Cambodia,2019,4.848,6153.99439528427,,1.071,0.588,70.1267,,,Asia,KH
Bangladesh,2019,4.833,6047.12401504125,,0.869,0.695,72.6254,,,Asia,BD
Gabon,2019,4.829,15949.6373739622,,1.106,0.523,67.3369,,,Africa,GA
South Africa,2019,4.814,13361.4851289112,,1.259,0.407,66.0711,,,Africa,ZA
Iraq,2019,4.785,12248.5917385964,,1.011,0.529,71.2452,,,Asia,IQ
Lebanon,2019,4.772,21710.4648750807,,1.192,0.789,78.2079,,,Asia,LB
Burkina Faso,2019,4.769,2232.16282016585,,0.929,0.313,60.1842,,,Africa,BF
Gambia,2019,4.751,,,0.883,0.353,64.4275,,,Africa,GM
Mali,2019,4.729,2819.86582297259,,0.973,0.235,59.2173,,,Africa,ML
Nigeria,2019,4.724,7551.39380367192,,0.987,0.168,53.0086,,,Africa,NG
Armenia,2019,4.677,14975.7539538157,,1.035,0.776,75.1931,,,Asia,AM
Georgia,2019,4.673,16770.1333771469,,0.731,0.695,74.1649,,,Asia,GE
Iran,2019,4.672,,,0.886,0.749,76.8549,,0.5663,,
Jordan,2019,4.633,9429.07279552037,,1.14,0.778,76.8645,,,Asia,JO
Mozambique,2019,4.624,1388.79707034446,,0.955,0.324,61.3059,,0.6921,Africa,MZ
Kenya,2019,4.583,4687.37782325306,,0.905,0.536,62.9391,,,Africa,KE
Namibia,2019,4.571,9609.48555672874,,1.246,0.407,63.5463,,,Africa,
Ukraine,2019,4.561,14217.486328125,,1.321,0.699,73.9199,,,Europe,UA
Liberia,2019,4.558,1899.52200972855,,0.921,0.392,61.2324,,,Africa,LR
State of Palestine,2019,4.553,,,1.195,0.614,,,,,
Uganda,2019,4.432,2441.37445233821,,1.052,0.378,66.3537,,0.6291,Africa,UG
Chad,2019,4.423,2351.65339767739,,0.739,0.109,52.9927,,,Africa,TD
Tunisia,2019,4.392,12494.7905733455,,0.872,0.781,75.5992,,,Africa,TN
Mauritania,2019,4.375,5610.13236713892,,1.113,0.425,67.6397,,0.5164,Africa,MR
Sri Lanka,2019,4.327,14112.952504221,,1.195,0.792,76.698,,,Asia,LK
DR Congo,2019,4.311,,,0.833,0.277,,,,,
Swaziland,2019,4.308,,,1.065,0.216,,,,,
Myanmar,2019,4.308,6101.37245765709,,1.098,0.495,66.4567,,,Asia,MM
Comoros,2019,4.289,3293.05601748495,,0.723,0.437,65.6622,,,Africa,KM
Togo,2019,4.187,2214.69915550677,,0.548,0.343,61.0554,,,Africa,TG
Ethiopia,2019,4.186,2242.44488310464,,1.001,0.484,65.7413,,,Africa,ET
Madagascar,2019,4.166,1612.29772715626,,0.824,0.501,63.5039,,,Africa,MG
Egypt,2019,4.151,,,0.983,0.597,71.2128,,,Africa,EG
Sierra Leone,2019,3.926,2704.05835866756,,0.748,0.204,59.5935,,,Africa,SL
Burundi,2019,3.775,868.423731660834,,0.404,0.295,62.1801,,,Africa,BI
Zambia,2019,3.759,3361.39750299612,,0.896,0.364,62.9145,,,Africa,ZM
Haiti,2019,3.721,3236.97492504607,,0.647,0.374,64.3281,,,Americas,HT
Lesotho,2019,3.653,2568.34114362719,,1.089,0.101,55.2493,,,Africa,LS
India,2019,3.573,7150.92423452926,,0.644,0.541,70.7463,,0.6399,Asia,IN
Malawi,2019,3.538,1450.01008064784,,0.53,0.446,64.995,,0.5885,Africa,MW
Yemen,2019,3.527,,,1.177,0.415,66.5673,,,Asia,YE
Botswana,2019,3.479,15960.0156143903,,1.086,0.494,67.1668,,,Africa,BW
Tanzania,2019,3.476,2981.87451171875,,0.873,0.443,66.0068,,,,
Central African Republic,2019,3.476,984.843183678857,,0.0,0.0,31.5302,,,Africa,CF
Rwanda,2019,3.312,2336.03967302732,,0.523,0.572,66.6905,,,Africa,RW
Zimbabwe,2019,3.299,4165.55567835558,,1.048,0.375,61.0603,,0.6851,Africa,ZW
South Sudan,2019,2.817,,,0.553,0.209,58.1293,,,Africa,SS
Afghanistan,2019,2.567,2583.48533239877,,0.356,0.266,62.9411,,,Asia,AF
Finland,2018,7.769,49248.6775395866,,,,81.6265,,0.4425,Europe,FI
Denmark,2018,7.6,57233.6231685618,,,,80.9909,,0.442,Europe,DK
Norway,2018,7.554,70253.8463693386,,,,82.7599,,,Europe,NO
Iceland,2018,7.494,57197.7676247175,,,,82.4526,,,Europe,IS
Netherlands,2018,7.488,58819.2609142584,,,,81.7813,,0.4144,,
Switzerland,2018,7.48,70688.8187491194,,,,83.5639,,0.4163,Europe,CH
Sweden,2018,7.343,53122.438677218,,,,82.5321,,0.3961,Europe,SE
New Zealand,2018,7.307,42527.2784103301,,,,81.8838,,0.408,Oceania,NZ
Canada,2018,7.278,49982.5999118346,,,,81.9247,,0.4845,Americas,CA
Austria,2018,7.246,56636.4953030542,,,,81.6859,,,Europe,AT
Australia,2018,7.228,50371.233830782,,,,83.2582,,0.4798,Oceania,AU
Costa Rica,2018,7.167,21498.0350746836,,,,80.0896,,0.6695,Americas,CR
Israel,2018,7.139,40189.9909957069,,,,82.9184,,,Asia,IL
Luxembourg,2018,7.09,116638.414163882,,,,81.5187,,0.4805,Europe,LU
United Kingdom,2018,7.054,47212.2045190522,,,,81.1229,,0.4689,,
Ireland,2018,7.021,86299.3420216976,,,,82.1232,,0.4715,Europe,IE
Germany,2018,6.985,56273.0405627017,,,,80.8747,,0.4878,Europe,DE
Belgium,2018,6.923,52466.7330784599,,,,81.4805,,0.4489,Europe,BE
United States,2018,6.892,62875.6661382728,,,,78.7997,,0.5836,Americas,US
Czechia,2018,6.852,41638.1831076596,,,,78.9612,,0.3803,Europe,CZ
United Arab Emirates,2018,6.825,77446.2269929923,,,,82.4493,,0.5994,Asia,AE
Malta,2018,6.726,48178.2920560941,,,,82.9083,,0.4506,Europe,MT
Mexico,2018,6.595,20921.4775277572,,,,74.3009,,0.7563,Americas,MX
France,2018,6.592,46381.0590629457,,,,82.5682,,0.4583,Europe,FR
Taiwan Province of China,2018,6.446,,,,,,,,,
Chile,2018,6.444,25305.0903462611,,,,80.5594,,,Americas,CL
Guatemala,2018,6.436,9946.80252245268,,,,71.4964,,,Americas,GT
Saudi Arabia,2018,6.375,59377.8025368768,,,,78.7499,,,Asia,SA
Qatar,2018,6.374,110032.839882747,,,,82.7136,,,Asia,QA
Spain,2018,6.354,41015.1565755187,,,,83.0956,,0.4521,Europe,ES
Panama,2018,6.321,32463.5403500842,,,,78.2656,,,Americas,PA
Brazil,2018,6.3,15463.7426393743,,,,75.6335,,0.6824,Americas,BR
Uruguay,2018,6.293,24386.4948473952,,,,77.5273,,0.569,Americas,UY
Singapore,2018,6.262,103963.36329269,,,,83.3783,,,Asia,SG
El Salvador,2018,6.253,9203.76216310773,,,,71.3836,,0.6136,Americas,SV
Italy,2018,6.223,43386.7005868803,,,,83.1844,,,Europe,IT
Bahrain,2018,6.199,51993.1307818652,,,,80.4118,,,Asia,BH
Slovakia,2018,6.198,,,,,77.265,,0.3854,Europe,SK
Trinidad and Tobago,2018,6.192,28673.2413951653,,,,72.6582,,,Americas,TT
Poland,2018,6.182,32345.1066076225,,,,77.6232,,0.4819,Europe,PL
Uzbekistan,2018,6.174,8128.75520303523,,,,71.9988,,,Asia,UZ
Lithuania,2018,6.149,36491.9385223689,,,,75.9091,,0.4988,Europe,LT
Colombia,2018,6.125,15239.4049488277,,,,76.5791,,0.7046,Americas,CO
Slovenia,2018,6.118,38620.2045436305,,,,80.861,,0.4077,Europe,SI
Nicaragua,2018,6.105,5935.16693631386,,,,73.8787,,,Americas,NI
Kosovo,2018,6.1,10018.7387080811,,,,77.1165,,,,
Argentina,2018,6.086,24410.3919063335,,,,76.7698,,0.563,Americas,AR
Romania,2018,6.07,29382.7567479407,,,,75.1033,,0.5415,Europe,RO
Cyprus,2018,6.046,40262.30859375,,,,81.5558,,0.4865,Asia,CY
Ecuador,2018,6.028,12186.8846084388,,,,77.2484,,0.5866,Americas,EC
Kuwait,2018,6.021,51370.7320595252,,,,79.8994,,,Asia,KW
Thailand,2018,6.008,18876.2208766741,,,,77.1903,,0.6233,Asia,TH
Latvia,2018,5.94,29817.8047263182,,,,74.9793,,0.4937,Europe,LV
Republic of Korea,2018,5.895,,,,,,,,,
Estonia,2018,5.893,37120.9879761677,,,,78.3339,,0.4846,Europe,EE
Jamaica,2018,5.89,10752.7406650924,,,,71.6062,,,Americas,JM
Mauritius,2018,5.888,23415.5237589118,,,,74.4909,,,Africa,MU
Japan,2018,5.886,42141.9352987758,,,,84.289,,,Asia,JP
Honduras,2018,5.86,5633.3832384519,,,,72.0005,,,Americas,HN
Kazakhstan,2018,5.809,25096.1285862615,,,,73.3693,,0.5314,Asia,KZ
Bolivia,2018,5.779,10758.4075594003,,,,67.6992,,,,
Hungary,2018,5.758,32258.2577892511,,,,76.2049,,0.4268,Europe,HU
Paraguay,2018,5.743,14139.0931267568,,,,73.6271,,,Americas,PY
North Cyprus,2018,5.718,,,,,,,,,
Peru,2018,5.697,13078.2323503405,,,,76.018,,0.6801,Americas,PE
Portugal,2018,5.693,34896.7993382974,,,,81.5915,,0.4808,Europe,PT
Pakistan,2018,5.653,4979.3734961655,,,,66.4807,,0.5298,Asia,PK
Russian Federation,2018,5.648,28628.5625,,,,,,,Europe,RU
Philippines,2018,5.631,8357.74357934219,,,,69.7615,,0.5717,Asia,PH
Serbia,2018,5.603,18469.022619005,,,,76.0356,,0.4956,Europe,RS
Republic of Moldova,2018,5.529,,,,,,,,,
Libya,2018,5.525,18879.3151301984,,,,73.1508,,,Africa,LY
Montenegro,2018,5.523,21083.5882908272,,,,76.9215,,,Europe,ME
Tajikistan,2018,5.467,3069.10385079592,,,,70.7366,,,Asia,TJ
Croatia,2018,5.432,29789.1305400916,,,,77.8654,,0.4721,Europe,HR
Hong Kong SAR of China,2018,5.43,,,,,,,,,
Dominican Republic,2018,5.425,17994.8382742736,,,,73.5553,,0.6703,Americas,DO
Bosnia and Herzegovina,2018,5.386,14858.5590469909,,,,77.9425,,,Europe,BA
Turkey,2018,5.373,,,,,77.4535,,0.6441,Asia,TR
Malaysia,2018,5.339,27793.5674222948,,,,75.7341,,,Asia,MY
Belarus,2018,5.323,20025.9815543598,,,,74.3344,,,Europe,BY
Greece,2018,5.287,29792.0592519585,,,,81.4954,,0.4484,Europe,GR
Mongolia,2018,5.285,12317.4824277695,,,,70.5743,,0.5597,Asia,MN
North Macedonia,2018,5.274,18460.4624451227,,,,76.8835,,0.4382,Europe,MK
Nigeria,2018,5.265,7158.17107571781,,,,52.669,,0.5452,Africa,NG
Kyrgyzstan,2018,5.261,,,,,70.6678,,0.509,Asia,KG
Turkmenistan,2018,5.247,14368.4621432532,,,,69.2718,,,Asia,TM
Algeria,2018,5.211,13727.1266357859,,,,75.5554,,,Africa,DZ
Morocco,2018,5.208,7801.0986328125,,,,73.9456,,,Africa,MA
Azerbaijan,2018,5.208,15282.9995232298,,,,73.0156,,,Asia,AZ
Lebanon,2018,5.197,21985.4884702241,,,,78.2632,,,Asia,LB
Indonesia,2018,5.192,11372.0971987612,,,,70.0797,,0.5984,Asia,ID
China,2018,5.191,16298.2050619109,,,,77.709,,,Asia,CN
Viet Nam,2018,5.175,10009.9714756006,,,,,,,Asia,VN
Bhutan,2018,5.082,11969.5615003305,,,,71.7113,,,Asia,BT
Cameroon,2018,5.044,4010.76360069526,,,,61.1888,,,Africa,CM
Bulgaria,2018,5.011,23997.6876896184,,,,74.9325,,0.5472,Europe,BG
Ghana,2018,4.996,5536.49795400218,,,,64.1382,,,Africa,GH
Côte d’Ivoire,2018,4.944,,,,,,,,,
Nepal,2018,4.913,3956.12461094443,,,,69.036,,,Asia,NP
Jordan,2018,4.906,9042.39781871198,,,,76.4913,,,Asia,JO
Benin,2018,4.883,2965.30628143664,,,,59.7097,,0.5808,Africa,BJ
Congo,2018,4.812,,,,,64.472,,,Africa,CG
Gabon,2018,4.799,15432.0430535353,,,,67.0426,,,Africa,GA
Lao PDR,2018,4.796,7486.86452700433,,,,,,,,
South Africa,2018,4.722,13347.3634826038,,,,65.726,,,Africa,ZA
Albania,2018,4.719,15055.2807998752,,,,79.2377,,0.4913,Europe,AL
Venezuela,2018,4.707,,,,,72.6415,,,,
Cambodia,2018,4.7,5616.98087023303,,,,69.9935,,,Asia,KH
State of Palestine,2018,4.696,,,,,,,,,
Senegal,2018,4.681,3380.21596529445,,,,67.3792,,0.587,Africa,SN
Somalia,2018,4.668,,,,,54.7673,,,Africa,SO
Namibia,2018,4.639,9853.73533646074,,,,62.5787,,,Africa,
Niger,2018,4.628,1275.99643935327,,,,59.7646,,0.5875,Africa,NE
Burkina Faso,2018,4.587,2073.3235382155,,,,59.9719,,0.6296,Africa,BF
Armenia,2018,4.559,12877.4937543553,,,,74.9783,,,Asia,AM
Iran,2018,4.548,,,,,76.6205,,0.5774,,
Guinea,2018,4.534,2844.46427670549,,,,59.0434,,0.4947,Africa,GN
Georgia,2018,4.519,15021.9057577433,,,,73.9847,,0.5922,Asia,GE
Gambia,2018,4.516,,,,,64.0339,,,Africa,GM
Sri Lanka,2018,4.366,14178.0225361887,,,,76.4853,,,Asia,LK
Kenya,2018,4.509,4411.56104120886,,,,62.8254,,,Africa,KE
Mauritania,2018,4.49,5429.23223059784,,,,67.4195,,,Africa,MR
Mozambique,2018,4.466,1325.58695568953,,,,60.7904,,,Africa,MZ
Tunisia,2018,4.461,11841.4061980603,,,,75.37,,,Africa,TN
Bangladesh,2018,4.456,5490.15881865179,,,,72.1217,,,Asia,BD
Iraq,2018,4.437,12034.4011214944,,,,71.1162,,,Asia,IQ
DR Congo,2018,4.418,,,,,,,,,
Mali,2018,4.39,2684.41122026575,,,,58.8728,,0.5604,Africa,ML
Sierra Leone,2018,4.374,2640.47566787646,,,,59.0587,,0.5711,Africa,SL
Myanmar,2018,4.36,5581.2769545815,,,,66.2322,,,Asia,MM
Chad,2018,4.35,2227.81335372611,,,,52.4467,,0.5756,Africa,TD
Ukraine,2018,4.332,12554.8486328125,,,,73.5691,,,Europe,UA
Ethiopia,2018,4.286,2095.3175782979,,,,65.2573,,,Africa,ET
Swaziland,2018,4.212,,,,,,,,,
Uganda,2018,4.189,2312.05752813495,,,,65.7751,,,Africa,UG
Egypt,2018,4.166,,,,,70.9741,,,Africa,EG
Zambia,2018,4.107,3442.27307196302,,,,62.1381,,,Africa,ZM
Togo,2018,4.085,2067.0664295966,,,,60.6006,,0.6132,Africa,TG
India,2018,4.015,6714.96639877754,,,,70.4152,,0.6445,Asia,IN
Liberia,2018,3.975,1799.72751397748,,,,60.9995,,,Africa,LR
Comoros,2018,3.973,3276.00936695332,,,,65.4009,,,Africa,KM
Madagascar,2018,3.933,1546.59563549795,,,,63.4911,,,Africa,MG
Lesotho,2018,3.802,2632.28775223004,,,,54.6377,,,Africa,LS
Burundi,2018,3.775,823.013102241659,,,,61.8065,,,Africa,BI
Zimbabwe,2018,3.663,3992.890718675,,,,60.9055,,,Africa,ZW
Haiti,2018,3.597,3196.97386370614,,,,64.0766,,,Americas,HT
Botswana,2018,3.488,15785.819633781,,,,66.3709,,,Africa,BW
Syria,2018,3.462,,,,,67.3711,,,,
Malawi,2018,3.41,1363.79445595088,,,,64.4641,,,Africa,MW
Yemen,2018,3.38,,,,,65.9154,,,Asia,YE
Rwanda,2018,3.334,2125.49522712839,,,,66.3539,,,Africa,RW
Tanzania,2018,3.231,2727.88012695313,,,,65.488,,,,
Afghanistan,2018,3.203,2432.27670083336,,,,62.4434,,0.5154,Asia,AF
Central African Republic,2018,3.083,905.817788941094,,,,52.2973,,,Africa,CF
South Sudan,2018,2.853,,,,,51.9049,,,Africa,SS
Finland,2017,7.632,47234.8528600939,,,,81.4967,,0.4448,Europe,FI
Norway,2017,7.594,64589.5559196863,,,,82.6242,,,Europe,NO
Denmark,2017,7.555,55271.5976002659,,,,81.1116,,0.4405,Europe,DK
Iceland,2017,7.495,55638.4920591794,,,,82.241,,,Europe,IS
Switzerland,2017,7.487,68193.5055940262,,,,83.414,,0.4266,Europe,CH
Netherlands,2017,7.441,56037.567993606,,,,81.7366,,0.4189,,
Canada,2017,7.328,48317.3874457163,,,,81.9195,,0.4878,Americas,CA
New Zealand,2017,7.324,42243.5084459397,,,,81.6053,,0.4192,Oceania,NZ
Sweden,2017,7.314,51474.1199115161,,,,82.4377,,0.4007,Europe,SE
Australia,2017,7.272,48564.8286592372,,,,82.7184,,0.4875,Oceania,AU
Israel,2017,7.19,39470.8681262164,,,,82.6993,,,Asia,IL
Austria,2017,7.139,53869.8321183556,,,,81.6387,,0.4182,Europe,AT
Costa Rica,2017,7.072,20499.3442130778,,,,79.9944,,0.668,Americas,CR
Ireland,2017,6.977,80450.3529336506,,,,82.1032,,0.4665,Europe,IE
Germany,2017,6.965,54110.2536648812,,,,80.9371,,0.4926,Europe,DE
Belgium,2017,6.927,50256.0631772784,,,,81.3624,,0.4363,Europe,BE
Luxembourg,2017,6.91,114985.842235989,,,,81.0892,,0.4897,Europe,LU
United States,2017,6.886,60047.7190728307,,,,78.6483,,0.5805,Americas,US
United Kingdom,2017,6.814,46113.0211677324,,,,81.164,,0.468,,
United Arab Emirates,2017,6.774,70281.8889504211,,,,82.3884,,,Asia,AE
Czechia,2017,6.711,39346.030564257,,,,78.926,,0.386,Europe,CZ
Malta,2017,6.627,45763.7330585065,,,,83.0891,,0.4624,Europe,MT
France,2017,6.489,44469.1458856805,,,,82.4385,,0.4524,Europe,FR
Mexico,2017,6.488,20488.7150800441,,,,74.2609,,,Americas,MX
Chile,2017,6.476,24295.223766602,,,,80.6096,,0.7273,Americas,CL
Taiwan Province of China,2017,6.441,,,,,,,,,
Panama,2017,6.43,33533.32602165,,,,77.9011,,,Americas,PA
Brazil,2017,6.419,14559.0488897884,,,,75.3835,,0.6853,Americas,BR
Argentina,2017,6.388,23385.0740904917,,,,76.5434,,0.564,Americas,AR
Guatemala,2017,6.382,9560.17783462724,,,,71.5829,,,Americas,GT
Uruguay,2017,6.379,23606.6278007958,,,,77.618,,0.5644,Americas,UY
Qatar,2017,6.374,99358.3733880435,,,,82.4583,,,Asia,QA
Saudi Arabia,2017,6.371,53120.4572456269,,,,78.7213,,,Asia,SA
Singapore,2017,6.343,95744.1821600957,,,,83.0947,,,Asia,SG
Malaysia,2017,6.322,26415.5960203287,,,,75.542,,,Asia,MY
Spain,2017,6.31,39825.2498116292,,,,82.9862,,0.4588,Europe,ES
Colombia,2017,6.26,14400.6139849314,,,,76.4178,,0.6978,Americas,CO
Trinidad and Tobago,2017,6.192,28484.2557157494,,,,72.9844,,,Americas,TT
Slovakia,2017,6.173,,,,,77.22,,0.3779,Europe,SK
El Salvador,2017,6.167,8965.2189086345,,,,71.0074,,0.6133,Americas,SV
Nicaragua,2017,6.141,6225.34702574846,,,,73.3892,,,Americas,NI
Poland,2017,6.123,30170.2818974087,,,,77.7155,,0.4761,Europe,PL
Bahrain,2017,6.105,50184.5005767301,,,,80.4067,,,Asia,BH
Uzbekistan,2017,6.096,7818.01112977426,,,,71.7372,,,Asia,UZ
Kuwait,2017,6.083,46565.5499504554,,,,79.7314,,,Asia,KW
Thailand,2017,6.072,17573.339815536,,,,76.9888,,0.6466,Asia,TH
Italy,2017,6.0,42142.3435406885,,,,82.7263,,,Europe,IT
Ecuador,2017,5.973,11793.4797426944,,,,76.2197,,0.5734,Americas,EC
Belize,2017,5.956,9120.65338346029,,,,72.062,,,Americas,BZ
Lithuania,2017,5.952,31305.0436934372,,,,75.7015,,0.5122,Europe,LT
Slovenia,2017,5.948,36180.0384547624,,,,80.6163,,0.4092,Europe,SI
Romania,2017,5.945,26943.3085419885,,,,75.0236,,0.5186,Europe,RO
Latvia,2017,5.933,25763.9907709703,,,,74.8005,,0.4957,Europe,LV
Japan,2017,5.915,41444.2157443912,,,,84.1891,,,Asia,JP
Mauritius,2017,5.891,22897.9700922102,,,,75.024,,0.5747,Africa,MU
Jamaica,2017,5.89,10466.4876782146,,,,71.8789,,,Americas,JM
Republic of Korea,2017,5.875,,,,,,,,,
North Cyprus,2017,5.835,,,,,,,,,
Russian Federation,2017,5.81,25777.904296875,,,,,,,Europe,RU
Kazakhstan,2017,5.79,23973.0602295651,,,,72.9955,,0.5281,Asia,KZ
Cyprus,2017,5.762,37768.1171875,,,,81.5431,,0.4727,Asia,CY
Bolivia,2017,5.752,10420.3923250933,,,,67.5357,,,,
Estonia,2017,5.739,34506.6486942506,,,,78.1814,,0.4846,Europe,EE
Paraguay,2017,5.681,13977.3427788671,,,,73.4495,,,Americas,PY
Peru,2017,5.663,12591.8562879234,,,,75.9576,,0.6978,Americas,PE
Kosovo,2017,5.662,9380.94007290057,,,,77.1052,,0.4808,,
Republic of Moldova,2017,5.64,,,,,,,,,
Turkmenistan,2017,5.636,13278.4030353381,,,,69.19,,,Asia,TM
Hungary,2017,5.62,29728.0121568801,,,,76.007,,0.4229,Europe,HU
Libya,2017,5.566,18026.0187834008,,,,72.721,,,Africa,LY
Philippines,2017,5.524,7773.79853599024,,,,69.9661,,,Asia,PH
Honduras,2017,5.504,5620.65455247733,,,,71.8046,,,Americas,HN
Belarus,2017,5.483,18413.747563367,,,,74.3618,,,Europe,BY
Turkey,2017,5.483,,,,,77.0372,,0.6392,Asia,TR
Pakistan,2017,5.472,4789.53646557553,,,,66.2233,,,Asia,PK
Hong Kong SAR of China,2017,5.43,,,,,,,,,
Portugal,2017,5.41,32970.8395386562,,,,81.6605,,0.49,Europe,PT
Serbia,2017,5.398,17285.4272257972,,,,75.7921,,0.5226,Europe,RS
Greece,2017,5.358,28681.6815585005,,,,80.9614,,0.4617,Europe,GR
Tajikistan,2017,5.352,3017.00314887354,,,,70.5241,,,Asia,TJ
Montenegro,2017,5.347,19356.6825946889,,,,76.5929,,,Europe,ME
Croatia,2017,5.321,27887.7588440919,,,,77.7264,,0.4639,Europe,HR
Dominican Republic,2017,5.302,16846.2072320323,,,,73.3702,,0.6571,Americas,DO
Algeria,2017,5.295,13493.560749484,,,,75.4313,,,Africa,DZ
Morocco,2017,5.254,8115.12060546875,,,,73.6079,,,Africa,MA
China,2017,5.246,15022.4371883124,,,,77.2353,,,Asia,CN
Azerbaijan,2017,5.201,14315.9296431061,,,,72.6943,,,Asia,AZ
Lebanon,2017,5.199,20963.8249472533,,,,78.1922,,,Asia,LB
North Macedonia,2017,5.185,17161.049071447,,,,76.1524,,0.4512,Europe,MK
Jordan,2017,5.161,9265.51536720733,,,,76.0708,,,Asia,JO
Nigeria,2017,5.155,7036.67414372387,,,,52.3971,,,Africa,NG
Kyrgyzstan,2017,5.131,,,,,70.5031,,0.503,Asia,KG
Bosnia and Herzegovina,2017,5.129,13627.0944831749,,,,77.3855,,,Europe,BA
Mongolia,2017,5.125,11096.0375604239,,,,70.1709,,,Asia,MN
Viet Nam,2017,5.103,9169.73192052855,,,,,,,Asia,VN
Indonesia,2017,5.093,10687.6409218443,,,,69.9533,,0.5447,Asia,ID
Bhutan,2017,5.082,11677.4142659974,,,,71.4127,,0.5489,Asia,BT
Somalia,2017,4.982,,,,,52.1901,,,Africa,SO
Cameroon,2017,4.975,3767.43072883824,,,,60.8174,,,Africa,CM
Bulgaria,2017,4.933,22317.2548948063,,,,74.7977,,0.5486,Europe,BG
Nepal,2017,4.88,3604.70825949747,,,,68.7398,,,Asia,NP
Venezuela,2017,4.806,,,,,71.9026,,,,
Gabon,2017,4.758,14796.6286374171,,,,66.8163,,0.5594,Africa,GA
State of Palestine,2017,4.743,,,,,,,,,
South Africa,2017,4.724,13738.4385854596,,,,65.4222,,,Africa,ZA
Iran,2017,4.707,,,,,76.3963,,0.5743,,
Côte d’Ivoire,2017,4.671,,,,,,,,,
Ghana,2017,4.657,5170.96094857439,,,,63.829,,,Africa,GH
Senegal,2017,4.631,3234.36158194088,,,,67.0589,,,Africa,SN
Lao PDR,2017,4.623,7141.90652701767,,,,,,,,
Tunisia,2017,4.592,11288.7800135085,,,,75.1768,,,Africa,TN
Albania,2017,4.586,14110.683242211,,,,78.9003,,0.4978,Europe,AL
Sierra Leone,2017,4.571,2501.4531554482,,,,57.761,,,Africa,SL
Congo,2017,4.559,,,,,64.2028,,,Africa,CG
Bangladesh,2017,4.5,4882.60692615639,,,,71.6056,,,Asia,BD
Sri Lanka,2017,4.471,13610.4723136618,,,,76.2386,,,Asia,LK
Iraq,2017,4.456,10191.6616988639,,,,69.7878,,,Asia,IQ
Mali,2017,4.447,2606.69607954141,,,,58.562,,,Africa,ML
Namibia,2017,4.441,9887.9393548255,,,,61.661,,,Africa,
Cambodia,2017,4.433,5050.06356615113,,,,69.8424,,,Asia,KH
Burkina Faso,2017,4.424,2042.40295259917,,,,59.5775,,,Africa,BF
Egypt,2017,4.419,,,,,70.7086,,0.5867,Africa,EG
Mozambique,2017,4.417,1282.74965991801,,,,60.1484,,,Africa,MZ
Kenya,2017,4.41,4177.24993580267,,,,62.7248,,,Africa,KE
Zambia,2017,4.377,3391.62768492775,,,,61.5644,,,Africa,ZM
Mauritania,2017,4.356,5353.06608810407,,,,67.0885,,,Africa,MR
Ethiopia,2017,4.35,2004.74755633129,,,,64.7659,,,Africa,ET
Georgia,2017,4.34,13718.9378669764,,,,73.4347,,0.5974,Asia,GE
Armenia,2017,4.321,12066.0043093819,,,,74.7441,,,Asia,AM
Myanmar,2017,4.308,4706.43248949598,,,,65.9086,,0.5455,Asia,MM
Chad,2017,4.301,2097.14425483604,,,,51.8747,,,Africa,TD
DR Congo,2017,4.245,,,,,,,,,
India,2017,4.19,6144.71714444938,,,,70.0676,,0.6528,Asia,IN
Niger,2017,4.166,1208.14609955266,,,,59.5239,,,Africa,NE
Uganda,2017,4.161,2157.95747503369,,,,65.1738,,,Africa,UG
Benin,2017,4.141,2885.89383987721,,,,59.5278,,,Africa,BJ
Sudan,2017,4.139,4252.42138671875,,,,65.1464,,,Africa,SD
Ukraine,2017,4.103,11536.0810546875,,,,73.9935,,,Europe,UA
Togo,2017,3.999,1985.52622129406,,,,60.1351,,,Africa,TG
Guinea,2017,3.964,2687.09504827171,,,,58.7151,,,Africa,GN
Lesotho,2017,3.808,2618.81820770145,,,,53.8737,,0.6189,Africa,LS
Angola,2017,3.795,8006.83661497696,,,,62.1221,,,Africa,AO
Madagascar,2017,3.774,1546.88001890817,,,,63.4328,,,Africa,MG
Zimbabwe,2017,3.692,10756.4454416985,,,,60.2626,,0.6358,Africa,ZW
Afghanistan,2017,3.632,2335.79586234454,,,,62.4062,,,Asia,AF
Botswana,2017,3.59,15700.6650479641,,,,65.4203,,,Africa,BW
Malawi,2017,3.587,1380.23263621737,,,,63.9145,,,Africa,MW
Haiti,2017,3.582,3339.38884653446,,,,63.8323,,,Americas,HT
Liberia,2017,3.495,1664.94481323565,,,,60.7767,,,Africa,LR
Syria,2017,3.462,,,,,65.6508,,,,
Rwanda,2017,3.408,1967.94286602499,,,,66.1404,,,Africa,RW
Yemen,2017,3.355,,,,,67.1198,,,Asia,YE
Tanzania,2017,3.303,2472.4931640625,,,,64.9631,,0.6125,,
South Sudan,2017,3.254,,,,,35.3511,,,Africa,SS
Central African Republic,2017,3.083,883.810734876066,,,,45.2315,,,Africa,CF
Burundi,2017,2.905,791.393494929898,,,,61.3452,,,Africa,BI
Norway,2016,7.537,59280.1992028829,,,,82.4151,,0.399,Europe,NO
Denmark,2016,7.522,51820.9521305491,,,,80.8814,,0.439,Europe,DK
Iceland,2016,7.504,53480.3971946764,,,,81.8286,,0.3953,Europe,IS
Switzerland,2016,7.494,67350.7518747757,,,,83.4457,,0.4308,Europe,CH
Finland,2016,7.469,44562.4011072067,,,,81.3029,,0.4399,Europe,FI
Netherlands,2016,7.377,53162.2791598028,,,,81.5549,,0.4111,,
Canada,2016,7.316,46470.6466391109,,,,82.0301,,0.4826,Americas,CA
New Zealand,2016,7.314,39988.9250855472,,,,82.0027,,0.4254,Oceania,NZ
Australia,2016,7.284,47446.2103030951,,,,82.8014,,0.483,Oceania,AU
Sweden,2016,7.284,50289.7687144136,,,,82.3391,,0.3937,Europe,SE
Israel,2016,7.213,38189.1610278241,,,,82.6123,,0.5986,Asia,IL
Costa Rica,2016,7.079,19201.7453233396,,,,79.9879,,0.6795,Americas,CR
Austria,2016,7.006,52397.8635176674,,,,81.5922,,0.4275,Europe,AT
United States,2016,6.993,57976.628204291,,,,78.686,,0.5851,Americas,US
Ireland,2016,6.977,73012.8198720374,,,,81.6836,,0.4786,Europe,IE
Germany,2016,6.951,51569.9016841199,,,,80.8371,,0.4957,Europe,DE
Belgium,2016,6.891,48414.5518065681,,,,81.2647,,0.4384,Europe,BE
Luxembourg,2016,6.863,113365.176082265,,,,81.6199,,0.4689,Europe,LU
United Kingdom,2016,6.714,44085.2025586772,,,,81.0675,,0.4688,,
Chile,2016,6.652,23256.5036042211,,,,80.2949,,,Americas,CL
United Arab Emirates,2016,6.648,69986.9835675887,,,,82.1946,,,Asia,AE
Brazil,2016,6.635,14309.2061488342,,,,75.0805,,0.6866,Americas,BR
Czechia,2016,6.609,36445.0485732064,,,,78.9744,,0.3852,Europe,CZ
Argentina,2016,6.599,20105.761359796,,,,76.105,,,Americas,AR
Mexico,2016,6.578,20104.5839787472,,,,74.3763,,0.7425,Americas,MX
Singapore,2016,6.572,89901.8159165036,,,,82.897,,,Asia,SG
Malta,2016,6.527,40999.9620259653,,,,82.6567,,0.4546,Europe,MT
Uruguay,2016,6.454,22840.5507069805,,,,77.3511,,0.5578,Americas,UY
Guatemala,2016,6.454,9201.42836046353,,,,71.215,,,Americas,GT
Panama,2016,6.452,30276.7088496195,,,,77.7724,,,Americas,PA
France,2016,6.442,42880.2351355431,,,,82.4008,,0.4503,Europe,FR
Thailand,2016,6.424,16671.2506902144,,,,76.7693,,0.6099,Asia,TH
Taiwan Province of China,2016,6.422,,,,,,,,,
Spain,2016,6.403,37612.7188681342,,,,82.9999,,0.4629,Europe,ES
Qatar,2016,6.375,89934.66888248,,,,82.1472,,,Asia,QA
Colombia,2016,6.357,14026.8399931053,,,,76.2285,,0.6767,Americas,CO
Saudi Arabia,2016,6.344,49937.0668103808,,,,78.3537,,,Asia,SA
Trinidad and Tobago,2016,6.168,28231.6820670092,,,,72.9348,,,Americas,TT
Kuwait,2016,6.105,41862.1739255505,,,,79.5162,,,Asia,KW
Slovakia,2016,6.098,,,,,77.2156,,0.3926,Europe,SK
Bahrain,2016,6.087,47428.9018907649,,,,80.407,,,Asia,BH
Malaysia,2016,6.084,25285.8213541391,,,,75.3712,,0.4768,Asia,MY
Nicaragua,2016,6.071,5882.36645219746,,,,73.1803,,,Americas,NI
Ecuador,2016,6.008,10881.4890706732,,,,76.0942,,0.5604,Americas,EC
El Salvador,2016,6.003,8455.61614773975,,,,70.9081,,0.6498,Americas,SV
Poland,2016,5.973,28359.6927346266,,,,77.6395,,0.4805,Europe,PL
Uzbekistan,2016,5.971,6919.29475621804,,,,71.5798,,,Asia,UZ
Italy,2016,5.964,40482.562999856,,,,83.0459,,,Europe,IT
Russian Federation,2016,5.963,24012.40234375,,,,,,,Europe,RU
Belize,2016,5.956,9399.03567052789,,,,71.8433,,,Americas,BZ
Japan,2016,5.92,40596.9686628995,,,,84.0568,,,Asia,JP
Lithuania,2016,5.902,28698.9887868061,,,,74.8195,,0.5024,Europe,LT
Algeria,2016,5.872,13437.8460232169,,,,75.3099,,,Africa,DZ
Latvia,2016,5.85,24063.4511245109,,,,74.7568,,0.4752,Europe,LV
Republic of Korea,2016,5.838,,,,,,,,,
Republic of Moldova,2016,5.838,,,,,,,,,
Romania,2016,5.825,23905.1743665679,,,,75.0209,,0.5098,Europe,RO
Bolivia,2016,5.823,9242.02728323599,,,,67.3925,,,,
Turkmenistan,2016,5.822,12919.371222426,,,,69.1421,,,Asia,TM
Kazakhstan,2016,5.819,23023.0872293899,,,,72.5491,,0.5251,Asia,KZ
North Cyprus,2016,5.81,,,,,,,,,
Slovenia,2016,5.758,33575.1775435757,,,,80.512,,0.4127,Europe,SI
Peru,2016,5.715,12066.5460683317,,,,75.9508,,0.6719,Americas,PE
Mauritius,2016,5.629,21951.8307433111,,,,74.85,,,Africa,MU
Cyprus,2016,5.621,35246.90234375,,,,81.5341,,0.4834,Asia,CY
Estonia,2016,5.611,31947.7769107437,,,,77.7631,,0.4858,Europe,EE
Belarus,2016,5.569,17832.4778855815,,,,74.1532,,,Europe,BY
Libya,2016,5.525,16961.0177111717,,,,71.7987,,,Africa,LY
Turkey,2016,5.5,,,,,76.5948,,0.6082,Asia,TR
Paraguay,2016,5.493,13329.1373366354,,,,73.4865,,,Americas,PY
Hong Kong SAR of China,2016,5.472,,,,,,,,,
Philippines,2016,5.43,7382.66758431792,,,,69.4896,,,Asia,PH
Serbia,2016,5.395,16455.4261201487,,,,75.7375,,0.5683,Europe,RS
Jordan,2016,5.336,8747.87860930851,,,,75.5501,,,Asia,JO
Hungary,2016,5.324,28178.9450366919,,,,76.1569,,0.4227,Europe,HU
Jamaica,2016,5.311,9948.0414677444,,,,72.0522,,,Americas,JM
Croatia,2016,5.293,25802.6823323622,,,,77.6294,,0.461,Europe,HR
Kosovo,2016,5.279,9157.04630742908,,,,76.7482,,0.4739,,
China,2016,5.273,14157.2514988004,,,,77.214,,,Asia,CN
Pakistan,2016,5.269,4630.7315068374,,,,65.9434,,,Asia,PK
Indonesia,2016,5.262,10262.5951651871,,,,69.7333,,0.5533,Asia,ID
Venezuela,2016,5.25,,,,,72.0019,,,,
Montenegro,2016,5.237,18030.0907942324,,,,76.5647,,0.5143,Europe,ME
Morocco,2016,5.235,7853.17626953125,,,,73.2279,,,Africa,MA
Azerbaijan,2016,5.234,14535.8020210633,,,,72.5678,,,Asia,AZ
Dominican Republic,2016,5.23,16282.1899127514,,,,72.8894,,0.6789,Americas,DO
Greece,2016,5.227,27504.5497984948,,,,81.2692,,0.4701,Europe,GR
Lebanon,2016,5.225,18940.5901000453,,,,78.3063,,,Asia,LB
Portugal,2016,5.195,31589.2695609552,,,,81.3636,,0.4902,Europe,PT
Bosnia and Herzegovina,2016,5.182,12899.3962262974,,,,77.1241,,,Europe,BA
Honduras,2016,5.181,5186.15897417161,,,,71.6152,,,Americas,HN
North Macedonia,2016,5.175,16457.5652245258,,,,75.571,,0.451,Europe,MK
Somalia,2016,5.151,,,,,55.2828,,,Africa,SO
Viet Nam,2016,5.074,8374.50684516118,,,,,,,Asia,VN
Nigeria,2016,5.074,7072.49693372311,,,,52.1894,,,Africa,NG
Tajikistan,2016,5.041,2913.85679547445,,,,69.9819,,,Asia,TJ
Bhutan,2016,5.011,11273.2823807676,,,,71.1193,,,Asia,BT
Kyrgyzstan,2016,5.004,,,,,69.9095,,0.4867,Asia,KG
Nepal,2016,4.962,2976.12513681451,,,,68.4436,,,Asia,NP
Mongolia,2016,4.955,10511.3831063141,,,,69.736,,0.5582,Asia,MN
South Africa,2016,4.829,13519.3235102376,,,,64.7495,,,Africa,ZA
Tunisia,2016,4.805,10993.6638464522,,,,75.0074,,,Africa,TN
State of Palestine,2016,4.775,,,,,,,,,
Egypt,2016,4.735,,,,,70.4367,,,Africa,EG
Bulgaria,2016,4.714,20745.8472094399,,,,74.8271,,0.5294,Europe,BG
Sierra Leone,2016,4.709,2634.9252433025,,,,56.9368,,,Africa,SL
Cameroon,2016,4.695,3626.99932028578,,,,60.2934,,,Africa,CM
Iran,2016,4.692,,,,,76.1551,,0.5505,,
Albania,2016,4.644,13055.8417473139,,,,78.6433,,0.5049,Europe,AL
Bangladesh,2016,4.608,4579.13228682862,,,,71.0752,,0.5298,Asia,BD
Namibia,2016,4.574,10200.1392609733,,,,60.8098,,,Africa,
Kenya,2016,4.553,3916.65315673095,,,,62.5261,,,Africa,KE
Mozambique,2016,4.55,1379.10740028691,,,,59.455,,,Africa,MZ
Myanmar,2016,4.545,4459.53981427471,,,,65.6399,,,Asia,MM
Senegal,2016,4.535,3101.12348494108,,,,66.724,,,Africa,SN
Zambia,2016,4.514,3313.35121570029,,,,61.1285,,,Africa,ZM
Iraq,2016,4.497,9079.13531769496,,,,68.6834,,,Asia,IQ
Gabon,2016,4.465,13997.7352841911,,,,66.5832,,,Africa,GA
Ethiopia,2016,4.46,1857.54946515224,,,,64.1624,,,Africa,ET
Sri Lanka,2016,4.44,13078.5605089072,,,,76.1361,,0.5911,Asia,LK
Armenia,2016,4.376,10570.2720413936,,,,74.4937,,,Asia,AM
India,2016,4.315,5800.48149366552,,,,69.7091,,0.6487,Asia,IN
Mauritania,2016,4.292,4682.70259690033,,,,66.8235,,,Africa,MR
Congo,2016,4.291,,,,,63.9108,,,Africa,CG
Georgia,2016,4.286,13065.294157468,,,,73.1358,,0.5933,Asia,GE
DR Congo,2016,4.28,,,,,,,,,
Mali,2016,4.19,2531.80496963482,,,,58.2857,,,Africa,ML
Côte d’Ivoire,2016,4.18,,,,,,,,,
Cambodia,2016,4.168,4748.12428521528,,,,69.6352,,,Asia,KH
Sudan,2016,4.139,4470.35498046875,,,,64.6773,,,Africa,SD
Ghana,2016,4.12,5011.07931572904,,,,63.5216,,0.6078,Africa,GH
Ukraine,2016,4.096,10864.6572265625,,,,73.3894,,,Europe,UA
Uganda,2016,4.081,2165.29759404413,,,,64.4944,,0.6239,Africa,UG
Burkina Faso,2016,4.032,1881.75893134407,,,,59.1732,,,Africa,BF
Niger,2016,4.028,1188.55709229837,,,,59.2283,,,Africa,NE
Malawi,2016,3.97,1409.95802703533,,,,63.163,,0.668,Africa,MW
Chad,2016,3.936,2120.08751553857,,,,51.6027,,,Africa,TD
Zimbabwe,2016,3.875,4275.4493505094,,,,59.7601,,,Africa,ZW
Lesotho,2016,3.808,2942.18153663921,,,,52.9078,,,Africa,LS
Angola,2016,3.795,7766.83787525546,,,,61.6189,,,Africa,AO
Afghanistan,2016,3.794,2213.1814410479,,,,62.6459,,,Asia,AF
Botswana,2016,3.766,16228.1231235664,,,,64.3199,,,Africa,BW
Benin,2016,3.657,2842.0246258376,,,,59.2826,,,Africa,BJ
Madagascar,2016,3.644,1561.51962374608,,,,63.4312,,,Africa,MG
Haiti,2016,3.603,3253.47178641614,,,,63.3247,,,Americas,HT
Yemen,2016,3.593,,,,,67.1054,,,Asia,YE
South Sudan,2016,3.591,,,,,36.72,,0.6161,Africa,SS
Liberia,2016,3.533,1490.33581410026,,,,60.4834,,0.5488,Africa,LR
Guinea,2016,3.507,2255.32617992615,,,,58.49,,,Africa,GN
Togo,2016,3.495,1932.92614273869,,,,59.6686,,,Africa,TG
Rwanda,2016,3.471,1866.38968530286,,,,65.7326,,0.6361,Africa,RW
Syria,2016,3.462,,,,,65.1896,,,,
Tanzania,2016,3.349,2434.69995117188,,,,64.4037,,,,
Burundi,2016,2.905,764.282221636916,,,,60.7887,,,Africa,BI
Central African Republic,2016,2.693,826.013301383169,,,,50.9988,,,Africa,CF
Denmark,2015,7.526,48897.2099776611,4.875520085646853,,,80.7394,,0.436,Europe,DK
Switzerland,2015,7.509,65265.04573356,3.9521252017786526,,,82.8461,,0.4301,Europe,CH
Iceland,2015,7.501,49201.0640964553,1.9791794243723209,,,82.1638,,0.3996,Europe,IS
Norway,2015,7.498,60737.8868132779,7.256364904833496,,,82.2728,,,Europe,NO
Finland,2015,7.413,42257.8593791297,1.2149739981645764,,,81.3775,,0.4422,Europe,FI
Canada,2015,7.404,44668.0912814303,6.063680992570856,,,81.9084,,0.4935,Americas,CA
Netherlands,2015,7.339,50956.6930942185,2.6718248646793272,,,81.49,,0.4107,,
New Zealand,2015,7.334,37513.2963872442,1.5974437441612221,,,81.5866,,0.4272,Oceania,NZ
Australia,2015,7.313,46464.5867627929,16.677631138538132,,,82.605,,0.4893,Oceania,AU
Sweden,2015,7.291,48772.0696057277,7.307084427256101,,,82.1844,,0.4099,Europe,SE
Israel,2015,7.267,35870.7927156301,5.077395361192742,,,82.2538,,,Asia,IL
Austria,2015,7.119,49549.3162311441,3.4419376179635357,,,81.1592,,0.4167,Europe,AT
United States,2015,7.104,56849.4697923159,14.614095176109693,,,78.7219,,0.5831,Americas,US
Costa Rica,2015,7.087,17525.1404625145,10.192681239269149,,,80.4069,,0.6741,Americas,CR
Puerto Rico,2015,7.039,,0.15162573195248782,,,80.6775,,,Americas,PR
Germany,2015,6.994,48545.400721962,2.197690292955845,,,80.5658,,0.4977,Europe,DE
Brazil,2015,6.952,14821.4383175183,0.4085919443301454,,,75.1064,,0.6821,Americas,BR
Belgium,2015,6.929,46071.914889496,3.7813092849325063,,,80.8889,,0.4384,Europe,BE
Ireland,2015,6.907,71588.2656638378,0.9171297243691658,,,81.5326,,0.4767,Europe,IE
Luxembourg,2015,6.871,107859.685999308,6.0466921336285555,,,81.2561,,0.4512,Europe,LU
Mexico,2015,6.778,19071.4444196466,0.08782297701963178,,,74.4315,,,Americas,MX
Singapore,2015,6.739,87156.187383315,9.435114233704349,,,82.7479,,,Asia,SG
United Kingdom,2015,6.725,42515.278865824,1.4666944475655532,,,80.919,,0.4703,,
Chile,2015,6.705,22468.3125745547,1.3790351641271015,,,80.0079,,0.7417,Americas,CL
Panama,2015,6.701,27245.2788402631,1.0355457036282723,,,77.5827,,,Americas,PA
Argentina,2015,6.65,19899.1499275245,1.9263197839237483,,,76.5995,,,Americas,AR
Czechia,2015,6.596,34093.0280593748,1.0578559110480579,,,78.5609,,0.3976,Europe,CZ
United Arab Emirates,2015,6.573,73986.0636395945,54.736820879184194,,,82.0759,,,Asia,AE
Uruguay,2015,6.545,22168.6114189676,0.2836246015302798,,,77.2847,,0.5512,Americas,UY
Malta,2015,6.488,38368.7020383117,0.9221172369507384,,,82.5914,,0.4655,Europe,MT
Colombia,2015,6.481,13332.0555048211,0.04863433396279336,,,76.0665,,0.6749,Americas,CO
France,2015,6.478,40905.1767750994,3.2470495672698663,,,82.1487,,0.4511,Europe,FR
Thailand,2015,6.474,15791.1714762207,2.7441678478294893,,,76.5631,,0.6044,Asia,TH
Saudi Arabia,2015,6.379,53930.8273872622,78.58774803385889,,,77.7762,,,Asia,SA
Taiwan Province of China,2015,6.379,,,,,,,,,
Qatar,2015,6.375,102545.863291279,123.43119542306535,,,81.785,,,Asia,QA
Spain,2015,6.361,35228.6333036223,4.291411822133946,,,82.6109,,0.4629,Europe,ES
Algeria,2015,6.355,13807.3515841478,0.1393078698509955,,,75.1589,,,Africa,DZ
Guatemala,2015,6.324,8934.00261178396,0.06809785097589688,,,70.9148,,,Americas,GT
Suriname,2015,6.269,16543.5743051372,0.10599365914335614,,,70.5671,,,Americas,SR
Kuwait,2015,6.239,45267.3085347452,18.649734371047188,,,79.2194,,,Asia,KW
Bahrain,2015,6.218,48034.2468880503,15.263416035172217,,,80.3378,,0.67,Asia,BH
Trinidad and Tobago,2015,6.168,29825.4628753017,0.13178234657597773,,,72.8817,,,Americas,TT
Venezuela,2015,6.084,,,,,73.0044,,,,
Slovakia,2015,6.078,,0.4428348334564033,,,76.6505,,0.41,Europe,SK
El Salvador,2015,6.068,7933.73697858999,0.02718641548298725,,,70.9524,,0.6313,Americas,SV
Malaysia,2015,6.005,24526.3942716012,1.7493092567936994,,,75.2876,,,Asia,MY
Nicaragua,2015,5.992,5448.89226010317,0.06049137708000732,,,72.8989,,,Americas,NI
Uzbekistan,2015,5.987,6799.57332842183,0.5306246774562796,,,71.3298,,,Asia,UZ
Italy,2015,5.977,37384.3796455406,1.9833117316295739,,,82.5211,,0.434,Europe,IT
Ecuador,2015,5.976,10877.7507461388,0.29399591357176147,,,76.2219,,0.5654,Americas,EC
Belize,2015,5.956,9538.38691146009,8.92713567839196,,,71.6467,,,Americas,BZ
Japan,2015,5.921,40898.80697396,2.72381683013046,,,83.8832,,,Asia,JP
Kazakhstan,2015,5.919,22484.3651382607,0.5535687517655188,,,72.0242,,0.4816,Asia,KZ
Republic of Moldova,2015,5.897,,0.12332726487866219,,,,,,,
Russian Federation,2015,5.856,23994.013671875,1.0474722527144606,,,,,,Europe,RU
Poland,2015,5.835,26988.1069013509,0.1524519660545517,,,77.5894,,0.4812,Europe,PL
Republic of Korea,2015,5.835,,0.546812680829652,,,,,,,
Bolivia,2015,5.822,8757.31777115406,,,,67.2052,,,,
Lithuania,2015,5.813,26948.5919371645,0.33219193974223393,,,74.4737,,0.5044,Europe,LT
Belarus,2015,5.802,18133.5313085883,1.0026683016690547,,,73.7607,,,Europe,BY
North Cyprus,2015,5.771,,,,,,,,,
Slovenia,2015,5.768,31336.2043858881,2.5923408433800668,,,80.4994,,0.4105,Europe,SI
Peru,2015,5.743,11600.3873992867,0.10722696183429072,,,75.7316,,0.6694,Americas,PE
Turkmenistan,2015,5.658,12714.8137240363,0.6065400544426255,,,69.0608,,,Asia,TM
Mauritius,2015,5.648,20269.523509561,0.2462492826496871,,,74.673,,,Africa,MU
Libya,2015,5.615,17903.2565395803,6.465548754925798,,,71.644,,,Africa,LY
Latvia,2015,5.56,22543.9183164105,1.5121152213670004,,,74.6646,,0.4859,Europe,LV
Cyprus,2015,5.546,31380.19921875,2.474329675944983,,,81.4637,,0.5015,Asia,CY
Paraguay,2015,5.538,12679.0574753234,0.22617693073531503,,,73.4535,,,Americas,PY
Romania,2015,5.528,21624.5618152909,0.052468366657963894,,,74.7371,,0.5436,Europe,RO
Estonia,2015,5.517,29712.6299473728,1.5183627938905098,,,77.665,,0.4941,Europe,EE
Jamaica,2015,5.51,9476.14929465037,0.019083877963501174,,,72.2144,,,Americas,JM
Croatia,2015,5.488,23749.636747943,0.6928972128019423,,,77.6329,,0.4696,Europe,HR
Hong Kong SAR of China,2015,5.458,,,,,,,,,
Somalia,2015,5.44,,0.011372384839921385,,,55.0555,,,Africa,SO
Kosovo,2015,5.401,8714.91966356132,,,,76.0241,,0.4733,,
Turkey,2015,5.389,,1.3380830957902166,,,76.5389,,0.6005,Asia,TR
Indonesia,2015,5.314,10027.5372996025,0.0399376506620182,,,69.5196,,0.5668,Asia,ID
Jordan,2015,5.303,8967.07995837808,7.265612655010133,,,75.06,,,Asia,JO
Azerbaijan,2015,5.291,15075.2726347911,0.2525466222401911,,,72.3486,,,Asia,AZ
Philippines,2015,5.279,6894.26702217935,0.013850696659593743,,,69.4501,,0.5906,Asia,PH
China,2015,5.245,13463.3331511105,0.10338443025761246,,,76.9755,,0.5536,Asia,CN
Bhutan,2015,5.196,10213.8139608922,0.9870730227790909,,,70.7971,,,Asia,BT
Kyrgyzstan,2015,5.185,,0.311731411638351,,,69.3094,,0.4967,Asia,KG
Serbia,2015,5.177,15546.298142138,1.002555945151635,,,75.653,,0.5579,Europe,RS
Bosnia and Herzegovina,2015,5.163,11845.4522958172,0.025466725243541932,,,77.0733,,0.4831,Europe,BA
Montenegro,2015,5.161,16091.712641843,0.6870878453843539,,,76.5939,,0.5335,Europe,ME
Dominican Republic,2015,5.155,14804.0974069659,0.371857247565626,,,72.9821,,0.6813,Americas,DO
Morocco,2015,5.151,7799.09228515625,0.026401323642851665,,,72.8938,,,Africa,MA
Hungary,2015,5.145,26937.7320818864,0.9738806526746919,,,75.6536,,0.4255,Europe,HU
Pakistan,2015,5.132,4480.26313460985,0.5533886895344151,,,65.6406,,0.5405,Asia,PK
Lebanon,2015,5.129,17045.898285301,2.896632457888916,,,78.2754,,,Asia,LB
Portugal,2015,5.123,29608.0071513956,0.4780364855046521,,,81.3213,,0.4907,Europe,PT
North Macedonia,2015,5.121,15034.1677602787,0.2955059546272726,,,75.6289,,0.4545,Europe,MK
Viet Nam,2015,5.061,7671.5819778084,0.02246050806751683,,,,,,Asia,VN
Somaliland Region,2015,5.057,,,,,,,,,
Tunisia,2015,5.045,10782.5438382441,0.07358354105051079,,,74.8748,,,Africa,TN
Greece,2015,5.033,26607.7256796976,1.635607093415588,,,80.7894,,0.4835,Europe,GR
Tajikistan,2015,4.996,2975.47097476092,0.5122125338771067,,,69.6647,,0.525,Asia,TJ
Mongolia,2015,4.907,10458.3027240524,0.1541969777263895,,,69.2386,,,Asia,MN
Lao PDR,2015,4.876,6086.0673044622,,,,,,,,
Nigeria,2015,4.875,7307.83788188925,0.7917815050764277,,,51.9394,,0.5478,Africa,NG
Honduras,2015,4.871,4845.59566521125,0.050705623431541356,,,71.323,,,Americas,HN
Iran,2015,4.813,,,,,75.9073,,0.5591,,
Zambia,2015,4.795,3337.47306887696,0.9064857298390232,,,60.7284,,0.7133,Africa,ZM
Nepal,2015,4.793,2957.30559145504,0.23510005556801972,,,67.3736,,,Asia,NP
State of Palestine,2015,4.754,,0.06530213732028049,,,,,,,
Albania,2015,4.655,12386.592266883,0.046943821843599735,,,78.358,,0.4925,Europe,AL
Bangladesh,2015,4.643,4212.23578089428,0.1443622950293593,,,70.5429,,,Asia,BD
Sierra Leone,2015,4.635,2560.04985807593,0.9747474747474747,,,55.454,,,Africa,SL
Iraq,2015,4.575,9334.46604866315,0.20175673689056722,,,69.9771,,,Asia,IQ
Namibia,2015,4.574,10465.8920558516,2.274492316136114,,,60.0083,,0.7366,Africa,
Cameroon,2015,4.513,3497.66067563959,1.7801569116538083,,,59.6866,,,Africa,CM
Ethiopia,2015,4.508,1632.61818006837,0.8746096294379556,,,63.592,,0.5543,Africa,ET
South Africa,2015,4.459,13397.5234813346,2.9167981359675736,,,64.0532,,,Africa,ZA
Sri Lanka,2015,4.415,12227.1714849513,0.03033828207421908,,,75.9899,,,Asia,LK
India,2015,4.404,5425.03599091046,0.3164759944238703,,,69.326,,0.6382,Asia,IN
Myanmar,2015,4.395,4458.69054442659,0.025367331754727378,,,65.2877,,0.6185,Asia,MM
Egypt,2015,4.362,,0.061003148686544835,,,70.1346,,0.5965,Africa,EG
Armenia,2015,4.36,9756.84084836026,0.21615784109110323,,,74.229,,,Asia,AM
Kenya,2015,4.356,3678.32614146019,2.315370858745847,,,62.279,,0.5991,Africa,KE
Ukraine,2015,4.324,9921.833984375,0.9680933141631232,,,72.6862,,,Europe,UA
Ghana,2015,4.276,5191.37053389659,0.4174649079161501,,,63.1749,,,Africa,GH
DR Congo,2015,4.272,,,,,,,,,
Georgia,2015,4.252,12269.6528932768,0.11549411030672807,,,73.241,,0.5775,Asia,GE
Congo,2015,4.236,,1.8960108087165146,,,63.6622,,,Africa,CG
Senegal,2015,4.219,2994.28032714875,0.40040519335353925,,,66.4511,,,Africa,SN
Bulgaria,2015,4.217,18896.102861651,0.11976614521008208,,,74.6208,,0.5054,Europe,BG
Mauritania,2015,4.201,3977.61171275863,2.1915486827967956,,,66.4982,,,Africa,MR
Zimbabwe,2015,4.193,4045.89864738798,0.23283401705894044,,,58.9895,,,Africa,ZW
Malawi,2015,4.156,1403.08451209235,0.5220444372100594,,,62.324,,,Africa,MW
Sudan,2015,4.139,4217.01025390625,0.2710233710455067,,,64.3746,,,Africa,SD
Gabon,2015,4.121,14306.4340768252,8.496371051358263,,,66.3361,,,Africa,GA
Mali,2015,4.073,2330.24293947692,0.34691643363278635,,,57.8519,,,Africa,ML
Haiti,2015,4.028,3025.83461728258,0.011373529431800377,,,63.2239,,,Americas,HT
Botswana,2015,3.974,14143.6940733728,5.311326468806784,,,63.215,,0.7114,Africa,BW
Comoros,2015,3.956,2949.47342240993,0.05936994939458973,,,64.4727,,,Africa,KM
Côte d’Ivoire,2015,3.916,,,,,,,,,
Cambodia,2015,3.907,4433.64393500572,0.10536763102339707,,,69.3977,,,Asia,KH
Angola,2015,3.866,8067.48584683018,0.23488177059736454,,,61.042,,,Africa,AO
Niger,2015,3.856,1172.19178758955,0.6172735295246135,,,58.8498,,,Africa,NE
South Sudan,2015,3.832,1154.88686304107,0.9856765572205728,,,39.7565,,,Africa,SS
Chad,2015,3.763,2377.51137185751,2.5251292576955042,,,51.3196,,,Africa,TD
Burkina Faso,2015,3.739,1691.57935387408,0.374064118101946,,,58.7777,,,Africa,BF
Uganda,2015,3.739,2189.96485919003,1.285553674579688,,,63.8315,,,Africa,UG
Yemen,2015,3.724,,0.15924045942600323,,,66.7613,,,Asia,YE
Madagascar,2015,3.695,1496.61172412841,0.13346188631593317,,,63.3621,,,Africa,MG
Tanzania,2015,3.666,2317.27978515625,,,,63.9284,,,,
Liberia,2015,3.622,1340.43279741197,0.6968968037743372,,,59.2481,,,Africa,LR
Guinea,2015,3.607,1929.68091332187,0.27924490290272524,,,57.8986,,,Africa,GN
Rwanda,2015,3.515,1780.74171636863,1.0189467195281148,,,65.4188,,,Africa,RW
Benin,2015,3.484,2725.33724817144,0.5204501400128166,,,59.1233,,0.6397,Africa,BJ
Afghanistan,2015,3.36,2284.07584789349,0.05484479643126947,,,62.2695,,,Asia,AF
Togo,2015,3.303,1879.66835517243,0.522951044176953,,,59.2201,,0.6038,Africa,TG
Syria,2015,3.069,,,,,63.2651,,,,
Burundi,2015,2.905,722.032898379933,0.6102726721965348,,,60.1068,,,Africa,BI
Switzerland,2014,7.587,63417.0438110319,,,,83.0841,,,Europe,CH
Iceland,2014,7.561,45996.9687476901,,,,82.4298,,0.3993,Europe,IS
Denmark,2014,7.527,47879.5955558233,,,,80.6319,,0.4392,Europe,DK
Norway,2014,7.522,66332.4614374198,,,,82.0869,,,Europe,NO
Canada,2014,7.427,45758.1007297304,,,,81.8373,,0.4946,Americas,CA
Finland,2014,7.406,41547.0984485393,,,,81.0546,,0.4345,Europe,FI
Netherlands,2014,7.378,49751.3092860822,,,,81.6503,66.1409,,,
Sweden,2014,7.364,46841.4019746739,,,,82.2241,60.10379,0.4013,Europe,SE
New Zealand,2014,7.286,37331.3155732447,,,,81.4106,55.29132,0.429,Oceania,NZ
Australia,2014,7.284,47108.5906459966,,,,82.5182,51.44999,0.488,Oceania,AU
Israel,2014,7.278,34816.2422460071,,,,82.3608,,0.6046,Asia,IL
Costa Rica,2014,7.226,16393.8095428323,,,,80.2313,,0.668,Americas,CR
Austria,2014,7.2,48355.4977624407,,,,81.39,,,Europe,AT
Mexico,2014,7.187,18820.7991098584,,,,74.4044,12.4,0.7552,Americas,MX
United States,2014,7.119,55153.3940182967,,,,78.8785,34.81074,0.5841,Americas,US
Brazil,2014,6.983,15827.3081625749,,,,74.8225,7.063784,0.6742,Americas,BR
Luxembourg,2014,6.946,105296.284588232,,,,81.2359,,0.4752,Europe,LU
Ireland,2014,6.94,52640.7843918553,,,,81.4063,,0.4588,Europe,IE
Belgium,2014,6.937,45147.6429534057,,,,81.0802,,0.438,Europe,BE
United Arab Emirates,2014,6.901,87477.7341963514,,,,81.9902,,0.6255,Asia,AE
United Kingdom,2014,6.867,41266.8197795309,,,,81.1529,,,,
Oman,2014,6.853,44235.8336329334,,,,79.03,,,Asia,OM
Venezuela,2014,6.81,,,,,72.8371,,,,
Singapore,2014,6.798,84555.2446100826,,,,82.6146,37.30294,0.5445,Asia,SG
Panama,2014,6.786,24376.0808599604,,,,77.3645,,,Americas,PA
Germany,2014,6.75,47938.7968210418,,,,80.9056,44.62337,0.4993,Europe,DE
Chile,2014,6.67,22553.6161787372,,,,79.7137,12.4,,Americas,CL
Qatar,2014,6.611,148389.2001335,,,,81.3955,21.428,,Asia,QA
France,2014,6.575,40218.1258637776,,,,82.4366,,0.4415,Europe,FR
Argentina,2014,6.574,19487.4181748868,,,,76.2678,19.20537,0.5695,Americas,AR
Czechia,2014,6.505,32743.489773169,,,,78.7439,,0.3899,Europe,CZ
Uruguay,2014,6.485,21867.8112276315,,,,77.1941,13.8,0.5446,Americas,UY
Colombia,2014,6.477,13355.3624162195,,,,75.9497,4.100529,0.6759,Americas,CO
Thailand,2014,6.455,15365.3175402829,,,,76.2792,32.08202,0.6252,Asia,TH
Saudi Arabia,2014,6.411,62578.0708415156,,,,77.1159,,,Asia,SA
Spain,2014,6.329,33760.9555646369,,,,82.8283,18.97492,,Europe,ES
Malta,2014,6.302,35205.7012669646,,,,82.3176,,0.4563,Europe,MT
Taiwan Province of China,2014,6.298,,,,,,,,,
Kuwait,2014,6.295,68336.5991533112,,,,78.927,28.5495,0.5503,Asia,KW
Suriname,2014,6.269,16597.5853539637,,,,70.33,,,Americas,SR
Trinidad and Tobago,2014,6.168,32026.5300957073,,,,72.8984,3.203203,,Americas,TT
El Salvador,2014,6.13,7503.71105811981,,,,71.1442,,0.6659,Americas,SV
Guatemala,2014,6.123,8236.65929901849,,,,70.9424,,,Americas,GT
Uzbekistan,2014,6.003,6609.76717277708,,,,70.9732,13.86667,,Asia,UZ
Slovakia,2014,5.995,,,,,76.8484,,0.3952,Europe,SK
Japan,2014,5.987,39555.4120089198,,,,83.6434,35.93942,,Asia,JP
Republic of Korea,2014,5.984,,,,,,,,,
Ecuador,2014,5.975,11835.6091276538,,,,76.1409,7.154742,0.5761,Americas,EC
Bahrain,2014,5.96,54299.0564613228,,,,80.2139,,,Asia,BH
Italy,2014,5.948,36665.68576775,,,,82.9008,,0.4324,Europe,IT
Bolivia,2014,5.89,8628.94266128598,,,,66.9697,,,,
Republic of Moldova,2014,5.889,,,,,,,,,
Paraguay,2014,5.878,12607.0721636671,,,,73.4145,,,Americas,PY
Kazakhstan,2014,5.855,23958.1128890603,,,,71.4149,38.33274,0.5023,Asia,KZ
Slovenia,2014,5.848,30571.9753019832,,,,80.2517,19.92516,0.4184,Europe,SI
Lithuania,2014,5.833,26274.7488764946,,,,74.596,,0.5346,Europe,LT
Nicaragua,2014,5.828,5067.74639018687,,,,72.792,,,Americas,NI
Peru,2014,5.824,11517.7371710247,,,,75.26,8.369775,0.6669,Americas,PE
Belarus,2014,5.813,19037.8847440186,,,,73.245,32.59855,,Europe,BY
Poland,2014,5.791,25459.7392273761,,,,77.312,22.21159,0.4769,Europe,PL
Malaysia,2014,5.77,24306.5212338415,,,,75.3451,8.538462,0.5179,Asia,MY
Croatia,2014,5.759,22706.1799469484,,,,77.5144,,0.4706,Europe,HR
Libya,2014,5.754,17509.5285087845,,,,71.2996,10.01798,,Africa,LY
Russian Federation,2014,5.716,25688.2265625,,,,,,,Europe,RU
Jamaica,2014,5.709,9209.58586596513,,,,72.3572,,,Americas,JM
North Cyprus,2014,5.695,,,,,,,,,
Cyprus,2014,5.689,29892.7109375,,,,81.3373,7.481658,,Asia,CY
Algeria,2014,5.605,14694.143827383,,,,74.9923,17.16667,,Africa,DZ
Kosovo,2014,5.589,8200.47420451574,,,,76.1788,,0.4758,,
Turkmenistan,2014,5.548,12476.5344358387,,,,69.0014,,,Asia,TM
Mauritius,2014,5.477,19294.4682829555,,,,74.6143,,,Africa,MU
Hong Kong SAR of China,2014,5.474,,,,,,,,,
Estonia,2014,5.429,29403.6584494815,,,,77.1104,38.96025,0.5181,Europe,EE
Indonesia,2014,5.399,10064.677127417,,,,69.292,,0.555,Asia,ID
Viet Nam,2014,5.36,7296.8794808738,,,,,,,Asia,VN
Turkey,2014,5.332,,,,,76.4519,11.62453,0.5946,Asia,TR
Kyrgyzstan,2014,5.286,,,,,68.8293,36.26667,0.4743,Asia,KG
Nigeria,2014,5.268,7396.12835532947,,,,51.9401,15.01244,,Africa,NG
Bhutan,2014,5.253,9323.39448941386,,,,70.5035,,,Asia,BT
Azerbaijan,2014,5.212,17563.6122454385,,,,71.9304,14.79329,,Asia,AZ
Pakistan,2014,5.194,4312.99070040776,,,,65.374,22.16998,,Asia,PK
Jordan,2014,5.192,9144.67793204995,,,,74.606,13.25,,Asia,JO
Montenegro,2014,5.192,15276.0334064191,,,,76.4679,,0.502,Europe,ME
China,2014,5.14,12941.5964809146,,,,76.7143,60.342,0.5528,Asia,CN
Zambia,2014,5.129,3441.31497643775,,,,60.1091,,,Africa,ZM
Romania,2014,5.124,20632.9924390362,,,,74.7654,7.672767,0.5469,Europe,RO
Serbia,2014,5.123,15296.1484591287,,,,75.4778,,0.575,Europe,RS
Portugal,2014,5.102,28764.5254955042,,,,81.3135,,0.4927,Europe,PT
Latvia,2014,5.098,21553.6623204436,,,,74.306,,0.4932,Europe,LV
Philippines,2014,5.073,6688.73961232553,,,,69.3106,3.151812,,Asia,PH
Somaliland Region,2014,5.057,,,,,,,,,
Morocco,2014,5.013,7237.27734375,,,,72.5225,12.33333,,Africa,MA
North Macedonia,2014,5.007,14485.1215168988,,,,75.6327,,0.4584,Europe,MK
Mozambique,2014,4.971,1165.82826607505,,,,57.965,,0.7248,Africa,MZ
Albania,2014,4.959,11787.8549638025,,,,78.0291,,,Europe,AL
Bosnia and Herzegovina,2014,4.949,11167.8379494776,,,,77.089,,,Europe,BA
Lesotho,2014,4.898,2771.24496867163,,,,50.7865,,,Africa,LS
Dominican Republic,2014,4.885,13464.7925609074,,,,73.1449,,0.6791,Americas,DO
Lao PDR,2014,4.876,5798.50436730091,,,,,,,,
Mongolia,2014,4.874,10900.2305197857,,,,68.7366,,0.5705,Asia,MN
Swaziland,2014,4.867,,,,,,,,,
Greece,2014,4.857,26450.181326726,,,,81.1203,,0.4858,Europe,GR
Lebanon,2014,4.839,16139.8649966955,,,,78.148,9.833334,0.6564,Asia,LB
Hungary,2014,4.8,25796.2100959256,,,,75.8493,,0.4246,Europe,HU
Honduras,2014,4.788,4460.05742833175,,,,71.0316,,,Americas,HN
Tajikistan,2014,4.786,3151.72452793203,,,,69.697,,,Asia,TJ
Tunisia,2014,4.739,10946.8935757638,,,,74.7838,15.51867,,Africa,TN
State of Palestine,2014,4.715,,,,,,,,,
Bangladesh,2014,4.694,3972.50647733491,,,,70.0162,,,Asia,BD
Iran,2014,4.686,,,,,75.6352,,0.5766,,
Ukraine,2014,4.681,10493.7451171875,,,,71.8034,23.1215,,Europe,UA
Iraq,2014,4.677,13168.245587417,,,,69.679,30.0,,Asia,IQ
South Africa,2014,4.642,13358.9417186608,,,,63.1845,23.28115,0.7465,Africa,ZA
Ghana,2014,4.633,5517.13178763566,,,,62.8321,5.030944,,Africa,GH
Zimbabwe,2014,4.61,3903.42797706084,,,,58.106,8.294227,,Africa,ZW
Liberia,2014,4.571,1418.77355515891,,,,59.2101,,0.5323,Africa,LR
India,2014,4.565,5191.59149903249,,,,68.9323,16.67484,0.6336,Asia,IN
Sudan,2014,4.55,4260.57177734375,,,,63.9905,,0.5537,Africa,SD
Haiti,2014,4.518,3075.73843837062,,,,62.9689,21.34269,,Americas,HT
DR Congo,2014,4.517,,,,,,,,,
Nepal,2014,4.514,2901.19752086169,,,,67.812,,,Asia,NP
Ethiopia,2014,4.512,1484.63145566608,,,,62.9272,,,Africa,ET
Sierra Leone,2014,4.507,2762.04553745948,,,,54.2809,,,Africa,SL
Mauritania,2014,4.436,3865.1425867687,,,,66.2069,,0.5213,Africa,MR
Kenya,2014,4.419,3359.48950665093,,,,61.9904,,,Africa,KE
Djibouti,2014,4.369,3978.34667092554,,,,62.4274,,,Africa,DJ
Armenia,2014,4.35,9736.2349746279,,,,73.98,10.89254,,Asia,AM
Botswana,2014,4.332,15003.3197518349,,,,62.1675,,,Africa,BW
Myanmar,2014,4.307,4376.38833281274,,,,64.9941,,,Asia,MM
Georgia,2014,4.297,11770.6989360253,,,,73.1051,8.818635,0.5755,Asia,GE
Malawi,2014,4.292,1505.55190404024,,,,61.6507,,,Africa,MW
Sri Lanka,2014,4.271,11720.5978110374,,,,75.7573,,,Asia,LK
Cameroon,2014,4.252,3422.26128158344,,,,59.1301,,0.6377,Africa,CM
Bulgaria,2014,4.218,17990.7621498811,,,,74.4664,,0.4952,Europe,BG
Egypt,2014,4.194,,,,,69.9112,21.50089,,Africa,EG
Yemen,2014,4.077,,,,,68.0027,38.5,0.6875,Asia,YE
Angola,2014,4.033,9017.69018162269,,,,60.3956,,,Africa,AO
Mali,2014,3.995,2184.87660281666,,,,57.4818,,,Africa,ML
Congo,2014,3.989,,,,,63.3491,,,Africa,CG
Comoros,2014,3.956,2937.61192894981,,,,64.1427,,0.6215,Africa,KM
Uganda,2014,3.931,2134.00916281741,,,,63.0575,,,Africa,UG
Senegal,2014,3.904,2853.80456250635,,,,66.0014,,,Africa,SN
Gabon,2014,3.896,14853.6712460355,,,,66.0698,,,Africa,GA
Niger,2014,3.845,1161.32515723793,,,,58.6934,,0.5453,Africa,NE
Cambodia,2014,3.819,4117.78868309006,,,,69.1174,,0.5805,Asia,KH
Tanzania,2014,3.781,2221.1796875,,,,63.3638,,,,
Madagascar,2014,3.681,1498.83976908219,,,,63.2615,,,Africa,MG
Central African Republic,2014,3.678,698.963738923072,,,,40.2652,,,Africa,CF
Chad,2014,3.667,2133.18441198787,,,,51.1411,,,Africa,TD
Guinea,2014,3.656,1873.21413058957,,,,57.5815,,,Africa,GN
Côte d’Ivoire,2014,3.655,,,,,,,,,
Burkina Faso,2014,3.587,1661.31773793757,,,,58.3315,,0.5714,Africa,BF
Afghanistan,2014,3.575,2224.49074815215,,,,62.2599,,,Asia,AF
Rwanda,2014,3.465,1677.56869684182,,,,65.0877,16.63392,,Africa,RW
Benin,2014,3.34,2670.41561399187,,,,59.0082,,,Africa,BJ
Syria,2014,3.006,,,,,65.4916,,,,
Burundi,2014,2.906,724.371954183273,,,,59.7644,,,Africa,BI
Togo,2014,2.839,1803.14811022135,,,,58.7663,,,Africa,TG
Denmark,2012,7.693,44755.1624273018,,,,80.0822,,0.4225,Europe,DK
Norway,2012,7.655,65774.3520746224,,,,81.4458,,,Europe,NO
Switzerland,2012,7.65,59440.9158607666,,,,82.6167,,0.4314,Europe,CH
Netherlands,2012,7.512,47653.3401651371,,,,81.059,,0.4078,,
Sweden,2012,7.48,45206.9864434727,,,,81.7299,,0.394,Europe,SE
Canada,2012,7.477,42291.9729357094,,,,81.7037,,0.4968,Americas,CA
Finland,2012,7.389,40739.1131809421,,,,80.5076,,0.4346,Europe,FI
Austria,2012,7.369,46156.4832073037,,,,80.8407,,0.4214,Europe,AT
Iceland,2012,7.355,42004.4476110597,,,,82.3459,,0.3838,Europe,IS
Australia,2012,7.35,43007.2697824131,,,,82.2966,,0.4873,Oceania,AU
Israel,2012,7.301,32483.7421872738,,,,81.9849,,0.6244,Asia,IL
Costa Rica,2012,7.257,14463.7404448087,,,,79.925,,0.6521,Americas,CR
New Zealand,2012,7.221,33054.8936751088,,,,81.1668,,0.4392,Oceania,NZ
United Arab Emirates,2012,7.144,89198.0119017025,,,,81.9129,,,Asia,AE
Panama,2012,7.143,19473.251491839,,,,76.8767,,,Americas,PA
Mexico,2012,7.088,18004.7935607542,,,,74.1278,,0.7576,Americas,MX
United States,2012,7.082,51708.3940614082,,,,78.8169,,0.584,Americas,US
Ireland,2012,7.076,46726.2157665366,,,,80.8524,,0.4365,Europe,IE
Luxembourg,2012,7.054,96636.426643956,,,,80.4383,,0.4978,Europe,LU
Venezuela,2012,7.039,,,,,73.0858,,,,
Belgium,2012,6.967,42483.5250666788,,,,80.2604,,0.4338,Europe,BE
United Kingdom,2012,6.883,38336.5961844419,,,,80.8594,,0.4866,,
Oman,2012,6.853,49989.4425093994,,,,78.1874,,,Asia,OM
Brazil,2012,6.849,15198.086330971,,,,74.3346,,0.6791,Americas,BR
France,2012,6.764,37671.0239268565,,,,81.739,,0.4464,Europe,FR
Germany,2012,6.672,44229.3941921739,,,,80.5017,,0.4822,Europe,DE
Qatar,2012,6.666,180939.439450305,,,,80.4994,,0.6737,Asia,QA
Chile,2012,6.587,21366.1771264909,,,,79.2211,,,Americas,CL
Argentina,2012,6.562,19430.4178068112,,,,75.8024,,0.5417,Americas,AR
Singapore,2012,6.546,82107.7270892092,,,,82.2089,,0.5345,Asia,SG
Trinidad and Tobago,2012,6.519,31883.2297483766,,,,72.513,,,Americas,TT
Kuwait,2012,6.515,82089.726133145,,,,78.227,,,Asia,KW
Saudi Arabia,2012,6.48,65033.6161818077,,,,76.0896,,,Asia,SA
Cyprus,2012,6.466,31924.099609375,,,,81.1284,,0.4994,Asia,CY
Colombia,2012,6.416,12093.0754939172,,,,75.6106,,0.6924,Americas,CO
Thailand,2012,6.371,14616.6497925392,,,,75.5899,,0.6418,Asia,TH
Uruguay,2012,6.355,19495.4223660846,,,,76.6914,,0.5428,Americas,UY
Spain,2012,6.322,31869.7839822219,,,,82.1905,,0.4539,Europe,ES
Czechia,2012,6.29,29465.6074011894,,,,77.9977,,0.3883,Europe,CZ
Suriname,2012,6.269,15184.9254680409,,,,69.9568,,,Americas,SR
Republic of Korea,2012,6.267,,,,,,,,,
Taiwan Province of China,2012,6.221,,,,,,,,,
Japan,2012,6.064,37605.9742614539,,,,83.1676,,,Asia,JP
Slovenia,2012,6.06,28786.7105517686,,,,79.7652,,0.4149,Europe,SI
Italy,2012,6.021,36281.1014243506,,,,82.252,,0.4334,Europe,IT
Slovakia,2012,5.969,,,,,76.1764,,0.4024,Europe,SK
Guatemala,2012,5.965,7258.31667467883,,,,70.7225,,,Americas,GT
Malta,2012,5.964,30716.282743184,,,,81.0638,,0.4492,Europe,MT
Ecuador,2012,5.865,10244.5177816184,,,,75.4857,,0.6169,Americas,EC
Bolivia,2012,5.857,7183.82602452107,,,,66.5858,,,,
Poland,2012,5.822,23728.1456821435,,,,76.7748,,0.4727,Europe,PL
El Salvador,2012,5.809,6708.39032246284,,,,71.4201,,,Americas,SV
Republic of Moldova,2012,5.791,,,,,,,,,
Paraguay,2012,5.779,10954.3251570137,,,,73.1046,,,Americas,PY
Peru,2012,5.776,10757.1522234351,,,,73.9792,,0.6711,Americas,PE
Malaysia,2012,5.76,22638.5406944009,,,,75.5524,,0.5456,Asia,MY
Kazakhstan,2012,5.671,21367.2180595372,,,,69.9395,,0.5187,Asia,KZ
Croatia,2012,5.661,21618.825625842,,,,77.2841,,0.4685,Europe,HR
Turkmenistan,2012,5.628,11035.451277853,,,,68.9607,,,Asia,TM
Uzbekistan,2012,5.623,6168.13764755172,,,,70.4108,,,Asia,UZ
Angola,2012,5.589,8246.36081151609,,,,58.916,,,Africa,AO
Albania,2012,5.55,10608.8448172721,,,,78.0836,,0.4665,Europe,AL
Viet Nam,2012,5.533,6376.79765706172,,,,,,,Asia,VN
Hong Kong SAR of China,2012,5.523,,,,,,,,,
Nicaragua,2012,5.507,4507.94302866696,,,,72.4346,,,Americas,NI
Belarus,2012,5.504,18114.7508606708,,,,71.8,,,Europe,BY
Mauritius,2012,5.477,17259.4018011357,,,,74.3302,,0.5933,Africa,MU
Russian Federation,2012,5.464,24273.517578125,,,,,,,Europe,RU
North Cyprus,2012,5.463,,,,,,,,,
Greece,2012,5.435,24582.9741957507,,,,80.4221,,0.4565,Europe,GR
Lithuania,2012,5.426,23275.2517553588,,,,73.9644,,0.4933,Europe,LT
Estonia,2012,5.426,26242.5282659014,,,,76.4159,,0.5147,Europe,EE
Algeria,2012,5.422,14441.3293398806,,,,74.6086,,,Africa,DZ
Jordan,2012,5.414,9738.53746926194,,,,74.0873,,,Asia,JO
Jamaica,2012,5.374,8830.6507947905,,,,72.4047,,,Americas,JM
Indonesia,2012,5.348,9530.29071136718,,,,68.8617,,0.5629,Asia,ID
Turkey,2012,5.345,,,,,75.5519,,0.597,Asia,TR
Libya,2012,5.34,26826.0729756733,,,,72.1882,,,Africa,LY
Bahrain,2012,5.312,56712.5692656153,,,,79.6218,,,Asia,BH
Montenegro,2012,5.299,13792.5731748207,,,,76.2367,,0.5139,Europe,ME
Pakistan,2012,5.292,4046.59848766311,,,,64.8834,,,Asia,PK
Nigeria,2012,5.248,6670.83826243627,,,,51.6876,,0.5449,Africa,NG
Kosovo,2012,5.222,7897.56692777876,,,,75.7504,,0.4789,,
Honduras,2012,5.142,4016.34609101801,,,,70.4605,,,Americas,HN
Portugal,2012,5.101,26476.2182777269,,,,80.5549,,0.4829,Europe,PT
Ghana,2012,5.091,4933.65254349093,,,,61.9954,,0.6027,Africa,GH
Ukraine,2012,5.057,9552.314453125,,,,71.0896,,,Europe,UA
Latvia,2012,5.046,19416.5167382125,,,,73.9387,,0.501,Europe,LV
Kyrgyzstan,2012,5.042,,,,,68.1419,,0.488,Asia,KG
Romania,2012,5.033,19807.5984490026,,,,74.314,,0.5403,Europe,RO
Zambia,2012,5.006,3323.63312219856,,,,58.704,,,Africa,ZM
Philippines,2012,4.985,6094.26837338658,,,,69.2375,,0.6029,Asia,PH
China,2012,4.978,11420.2527051141,,,,76.2,,0.5517,Asia,CN
Mozambique,2012,4.971,1075.87786085361,,,,56.4604,,,Africa,MZ
Dominican Republic,2012,4.963,11776.6228103557,,,,72.8165,,,Americas,DO
South Africa,2012,4.963,12986.7976675307,,,,61.7366,,,Africa,ZA
Lebanon,2012,4.931,16121.335238646,,,,77.941,,0.6639,Asia,LB
Lesotho,2012,4.898,2291.4956531127,,,,48.2353,,,Africa,LS
Morocco,2012,4.885,7307.6123046875,,,,71.674,,,Africa,MA
Swaziland,2012,4.867,,,,,,,,,
Somaliland Region,2012,4.847,,,,,,,,,
Mongolia,2012,4.834,10151.7217998165,,,,67.6113,,0.5797,Asia,MN
Zimbabwe,2012,4.827,3472.48572001016,,,,55.3855,,,Africa,ZW
Tunisia,2012,4.826,10614.531301194,,,,74.5985,,,Africa,TN
Iraq,2012,4.817,14402.0340893955,,,,68.8267,,0.618,Asia,IQ
Serbia,2012,4.813,14506.2378578624,,,,75.0888,,0.5518,Europe,RS
Bosnia and Herzegovina,2012,4.813,10121.1905288877,,,,77.0365,,,Europe,BA
Bangladesh,2012,4.804,3434.27815090447,,,,68.9894,,,Asia,BD
Lao PDR,2012,4.787,4780.94733000167,,,,,,,,
Hungary,2012,4.775,23205.310668404,,,,75.1826,,0.4134,Europe,HU
India,2012,4.772,4819.64288218731,,,,68.0763,,0.6264,Asia,IN
Mauritania,2012,4.758,3464.97661099269,,,,65.808,,,Africa,MR
State of Palestine,2012,4.7,,,,,,,,,
Djibouti,2012,4.69,,,,,61.7188,,,Africa,DJ
Iran,2012,4.643,,,,,75.039,,0.5962,,
Azerbaijan,2012,4.604,15994.1466501837,,,,71.0799,,,Asia,AZ
DR Congo,2012,4.578,,,,,,,,,
North Macedonia,2012,4.574,12725.9772893634,,,,75.043,,0.4784,Europe,MK
Ethiopia,2012,4.561,1178.97474553026,,,,61.4426,,,Africa,ET
Uganda,2012,4.443,2031.94669538814,,,,61.5786,,0.6066,Africa,UG
Myanmar,2012,4.439,3845.15284153671,,,,64.2511,,,Asia,MM
Cameroon,2012,4.42,3059.64226568251,,,,58.1696,,,Africa,CM
Kenya,2012,4.403,2847.27068286846,,,,61.5373,,,Africa,KE
Sudan,2012,4.401,3710.376953125,,,,63.4273,,,Africa,SD
Tajikistan,2012,4.38,2679.0692960897,,,,69.1296,,,Asia,TJ
Haiti,2012,4.341,2830.19080559709,,,,62.2735,,,Americas,HT
Sierra Leone,2012,4.318,2317.1913997528,,,,53.159,,,Africa,SL
Armenia,2012,4.316,8942.63537897164,,,,73.4396,,,Asia,AM
Congo,2012,4.297,,,,,62.6616,,,Africa,CG
Egypt,2012,4.273,,,,,69.4643,,0.5835,Africa,EG
Burkina Faso,2012,4.259,1571.83884477315,,,,57.4574,,,Africa,BF
Mali,2012,4.247,1990.14805241092,,,,56.6959,,,Africa,ML
Liberia,2012,4.196,1156.95319448003,,,,59.7855,,,Africa,LR
Georgia,2012,4.187,10059.9820603954,,,,72.6721,,0.576,Asia,GE
Nepal,2012,4.156,2465.83469449131,,,,67.3637,,,Asia,NP
Niger,2012,4.152,1161.78908289767,,,,57.9867,,,Africa,NE
Sri Lanka,2012,4.151,10249.1670637714,,,,75.1866,,0.5919,Asia,LK
Gabon,2012,4.114,14619.7181445113,,,,65.4384,,,Africa,GA
Malawi,2012,4.113,1464.04323957796,,,,59.8695,,,Africa,MW
Cambodia,2012,4.067,3583.48229739437,,,,68.3714,,0.5781,Asia,KH
Chad,2012,4.056,2435.1240819184,,,,50.7651,,,Africa,TD
Yemen,2012,4.054,,,,,67.569,,,Asia,YE
Afghanistan,2012,4.04,1988.42930381554,,,,61.7349,,0.4927,Asia,AF
Bulgaria,2012,3.981,16327.3382758143,,,,74.3373,,0.4932,Europe,BG
Botswana,2012,3.97,12736.5833891004,,,,60.3844,,,Africa,BW
Madagascar,2012,3.966,1463.61756926447,,,,63.0068,,0.6138,Africa,MG
Senegal,2012,3.959,2764.26130708482,,,,65.2291,,,Africa,SN
Syria,2012,3.892,,,,,66.2064,,,,
Comoros,2012,3.851,2678.70262820599,,,,63.4626,,,Africa,KM
Guinea,2012,3.847,1789.97473033561,,,,57.1169,,0.5381,Africa,GN
Tanzania,2012,3.77,2083.48486328125,,,,62.2862,,,,
Rwanda,2012,3.715,1454.52507891388,,,,64.1887,,,Africa,RW
Burundi,2012,3.706,637.247080191101,,,,58.5008,,,Africa,BI
Central African Republic,2012,3.623,1062.06809941049,,,,51.3355,,,Africa,CF
Benin,2012,3.528,2346.08416204547,,,,58.5585,,,Africa,BJ
Togo,2012,2.936,1645.31290397424,,,,57.9396,,,Africa,TG
Denmark,2011,7.856,44443.7163844726,,,,79.786,,0.4209,Europe,DK
Finland,2011,7.579,40845.9566729849,,,,80.3916,,0.4401,Europe,FI
Norway,2011,7.524,62460.0908157002,,,,81.2454,,,Europe,NO
Netherlands,2011,7.512,47004.1370739062,,,,81.1096,,0.4052,,
Canada,2011,7.499,41666.8374590278,,,,81.5133,,0.5014,Americas,CA
Switzerland,2011,7.499,57493.5810559211,,,,82.5738,,0.4389,Europe,CH
Sweden,2011,7.379,44332.5217389078,,,,81.7584,,0.4147,Europe,SE
New Zealand,2011,7.372,32738.9884445601,,,,80.8422,,0.4717,Oceania,NZ
Australia,2011,7.345,42152.816179831,,,,82.0911,,0.4863,Oceania,AU
Ireland,2011,7.284,45525.7181239042,,,,80.7272,,0.4427,Europe,IE
United States,2011,7.27,50024.8812320773,,,,78.7023,,0.5731,Americas,US
Costa Rica,2011,7.251,13614.2603998924,,,,79.624,,0.6558,Americas,CR
Austria,2011,7.227,44171.5618687028,,,,80.8281,,0.4272,Europe,AT
Israel,2011,7.199,31313.9334997029,,,,81.9892,,,Asia,IL
Belgium,2011,7.113,41244.8495035213,,,,80.3664,,0.4327,Europe,BE
Luxembourg,2011,7.051,94475.0302265023,,,,80.2848,,0.4691,Europe,LU
United Arab Emirates,2011,6.977,89665.4018921986,,,,81.8984,,,Asia,AE
United Kingdom,2011,6.936,37224.3787645256,,,,80.7961,,0.4754,,
Venezuela,2011,6.922,,,,,73.0895,,,,
Iceland,2011,6.888,40936.867830513,,,,81.9725,,0.3822,Europe,IS
Panama,2011,6.863,17473.7651165489,,,,76.6594,,,Americas,PA
Spain,2011,6.761,32015.5752000401,,,,82.1804,,0.4537,Europe,ES
France,2011,6.746,37510.3759898714,,,,81.781,,0.4552,Europe,FR
Mexico,2011,6.74,17266.8129106549,,,,73.9209,,,Americas,MX
Brazil,2011,6.697,15211.7920390047,,,,74.0473,,,Americas,BR
Saudi Arabia,2011,6.597,64125.2177225838,,,,75.8081,,0.6428,Asia,SA
Puerto Rico,2011,6.593,,,,,78.7656,,,Americas,PR
Italy,2011,6.578,36392.2827759493,,,,82.2282,,0.4311,Europe,IT
Kuwait,2011,6.574,79036.7857441182,,,,77.8637,,,Asia,KW
Germany,2011,6.572,43398.3443992496,,,,80.3549,,0.4828,Europe,DE
Qatar,2011,6.569,174619.917706815,,,,79.9943,,,Asia,QA
Turkmenistan,2011,6.568,10282.7266190528,,,,68.8696,,,Asia,TM
Singapore,2011,6.549,80052.3914982651,,,,81.9417,,0.5355,Asia,SG
Belize,2011,6.451,9721.88084559988,,,,70.9755,,,Americas,BZ
Cyprus,2011,6.416,33405.9765625,,,,80.8546,,0.4941,Asia,CY
Czechia,2011,6.36,29237.1870959847,,,,77.8144,,0.3745,Europe,CZ
Guatemala,2011,6.277,6784.44712953621,,,,70.3214,,,Americas,GT
Trinidad and Tobago,2011,6.263,31077.796969852,,,,72.2323,,,Americas,TT
Argentina,2011,6.242,19104.9909405228,,,,76.0998,,0.5539,Americas,AR
Jamaica,2011,6.208,8809.36100077931,,,,72.245,,,Americas,JM
Colombia,2011,6.202,11707.4614624747,,,,75.1803,,0.7107,Americas,CO
Greece,2011,6.133,25692.5740851321,,,,80.6248,,0.4532,Europe,GR
Chile,2011,6.128,20121.6834214209,,,,79.2357,,0.7642,Americas,CL
Japan,2011,6.059,36214.4397740241,,,,82.6705,,,Asia,JP
Guyana,2011,5.993,10066.0729753598,,,,66.4688,,,Americas,GY
Taiwan Province of China,2011,5.988,,,,,,,,,
Malta,2011,5.96,29425.9062422677,,,,80.8038,,0.4408,Europe,MT
El Salvador,2011,5.956,6593.67806808022,,,,71.1918,,,Americas,SV
Slovenia,2011,5.922,28715.6339954963,,,,79.5884,,0.4084,Europe,SI
Uruguay,2011,5.898,19135.3636964186,,,,76.6141,,0.5587,Americas,UY
Malaysia,2011,5.823,21324.3594996498,,,,75.4878,,,Asia,MY
Thailand,2011,5.804,13227.454108915,,,,75.3015,,0.6366,Asia,TH
Poland,2011,5.803,22808.5055268899,,,,76.5683,,0.4768,Europe,PL
Jordan,2011,5.706,9631.9289925536,,,,73.9286,,0.5995,Asia,JO
Slovakia,2011,5.657,,,,,76.0181,,0.4075,Europe,SK
Republic of Korea,2011,5.643,,,,,,,,,
Bolivia,2011,5.633,6597.96217604867,,,,66.2816,,,,
Croatia,2011,5.623,21190.7130553097,,,,76.9926,,0.4692,Europe,HR
Kazakhstan,2011,5.594,20159.9329426413,,,,69.1076,,0.5143,Asia,KZ
Lithuania,2011,5.588,21557.6567458052,,,,73.608,,0.4699,Europe,LT
Bahrain,2011,5.568,52677.4511190668,,,,79.1409,,,Asia,BH
Belarus,2011,5.566,16563.2014078209,,,,71.0679,,,Europe,BY
Honduras,2011,5.564,3900.71136173338,,,,70.116,,,Americas,HN
Mauritius,2011,5.477,16883.565820961,,,,74.0678,,,Africa,MU
Viet Nam,2011,5.425,5786.12348870721,,,,,,,Asia,VN
Ecuador,2011,5.425,9768.69201080404,,,,75.1794,,0.6032,Americas,EC
Hong Kong SAR of China,2011,5.424,,,,,,,,,
Kosovo,2011,5.42,7776.47393102774,,,,75.3234,,0.4771,,
Cuba,2011,5.418,,,,,78.0506,,,Americas,CU
Paraguay,2011,5.398,11441.7636772255,,,,72.7875,,,Americas,PY
Algeria,2011,5.368,14639.8779436268,,,,74.3834,,0.5185,Africa,DZ
Estonia,2011,5.33,24652.3610297918,,,,76.3462,,0.5002,Europe,EE
Portugal,2011,5.327,26803.2336904645,,,,80.5822,,0.4976,Europe,PT
Myanmar,2011,5.322,3579.40482970626,,,,63.8589,,,Asia,MM
Republic of Moldova,2011,5.305,,,,,,,,,
Russian Federation,2011,5.284,22789.54296875,,,,,,,Europe,RU
Peru,2011,5.258,10462.5770434663,,,,73.327,,0.677,Americas,PE
Turkey,2011,5.234,,,,,74.8234,,0.5963,Asia,TR
Uzbekistan,2011,5.225,5949.484123529,,,,70.1429,,,Asia,UZ
Romania,2011,5.178,18803.8678810861,,,,74.2877,,0.5272,Europe,RO
Libya,2011,5.178,15698.0519072612,,,,69.9496,,,Africa,LY
Lao PDR,2011,5.161,4099.78457330741,,,,,,,,
Indonesia,2011,5.159,8936.99215549454,,,,68.629,,0.5706,Asia,ID
Iran,2011,5.149,,,,,74.7207,,0.5619,,
Pakistan,2011,5.149,3879.5977693449,,,,64.6588,,0.5341,Asia,PK
Montenegro,2011,5.147,14347.4457105412,,,,75.9607,,,Europe,ME
Tunisia,2011,5.141,10435.9956675373,,,,74.4714,,0.6281,Africa,TN
Albania,2011,5.134,10273.4199783271,,,,78.3029,,,Europe,AL
Nicaragua,2011,5.115,4324.71007244238,,,,72.0329,,,Americas,NI
South Africa,2011,5.101,13143.1933361097,,,,60.6024,,,Africa,ZA
Ukraine,2011,5.089,9126.6083984375,,,,70.7106,,,Europe,UA
Lebanon,2011,5.049,14974.553438993,,,,77.7682,,0.6586,Asia,LB
Dominican Republic,2011,5.036,11694.6641852303,,,,72.4958,,,Americas,DO
India,2011,4.975,4454.70153200513,,,,67.6228,,,Asia,IN
Djibouti,2011,4.957,,,,,61.3373,,,Africa,DJ
Hungary,2011,4.943,22992.2184657584,,,,74.9226,,0.4209,Europe,HU
Namibia,2011,4.886,9002.23004537057,,,,56.6467,,,Africa,
Iraq,2011,4.882,12912.0299790146,,,,68.4351,,,Asia,IQ
Bosnia and Herzegovina,2011,4.857,9761.47624447272,,,,76.9632,,0.4875,Europe,BA
Nigeria,2011,4.856,6585.36193271035,,,,51.4902,,,Africa,NG
Egypt,2011,4.853,,,,,69.2322,,,Africa,EG
Kyrgyzstan,2011,4.828,,,,,67.7481,,0.4941,Asia,KG
Philippines,2011,4.825,5705.43591174904,,,,69.0963,,,Asia,PH
Bangladesh,2011,4.807,3051.26983271811,,,,68.4988,,,Asia,BD
Morocco,2011,4.793,7274.1474609375,,,,71.2634,,,Africa,MA
Latvia,2011,4.762,17680.4939630507,,,,73.7176,,0.4935,Europe,LV
Syria,2011,4.735,,,,,72.2593,,,,
Ghana,2011,4.705,4381.12535523694,,,,61.6169,,,Africa,GH
Zambia,2011,4.705,3228.48714255039,,,,57.8431,,,Africa,ZM
Mozambique,2011,4.693,1063.65543296311,,,,55.7334,,,Africa,MZ
Somaliland Region,2011,4.691,,,,,,,,,
China,2011,4.68,10456.7916826113,,,,75.8891,,0.563,Asia,CN
Mauritania,2011,4.643,3270.86251341888,,,,65.7544,,,Africa,MR
Malawi,2011,4.624,1516.2111831915,,,,58.8589,,,Africa,MW
Tajikistan,2011,4.614,2455.97278263399,,,,68.6983,,,Asia,TJ
Azerbaijan,2011,4.582,14804.5744507911,,,,70.5651,,,Asia,AZ
Botswana,2011,4.581,13635.4267666146,,,,59.7149,,,Africa,BW
Serbia,2011,4.564,14298.2677444467,,,,74.7194,,0.5341,Europe,RS
Mongolia,2011,4.562,8861.82052869304,,,,67.167,,0.5661,Asia,MN
State of Palestine,2011,4.555,,,,,,,,,
Nepal,2011,4.474,2247.99742932205,,,,67.1234,,,Asia,NP
Armenia,2011,4.474,7624.26772626905,,,,73.1852,,,Asia,AM
Yemen,2011,4.454,,,,,67.4124,,0.6995,Asia,YE
Sudan,2011,4.424,4112.21875,,,,63.1809,,,Africa,SD
Senegal,2011,4.414,2684.94989722318,,,,64.7987,,0.5892,Africa,SN
Cameroon,2011,4.376,2988.8172872551,,,,57.482,,,Africa,CM
North Macedonia,2011,4.369,12420.8114553395,,,,75.1424,,0.489,Europe,MK
Uganda,2011,4.313,2267.72270357093,,,,60.7914,,,Africa,UG
Madagascar,2011,4.309,1475.17055178114,,,,62.8602,,,Africa,MG
Sri Lanka,2011,4.26,9075.545495895,,,,74.7405,,,Asia,LK
Afghanistan,2011,4.258,1744.06062321558,,,,61.2503,,,Asia,AF
Rwanda,2011,4.204,1412.90752155318,,,,63.4764,,,Africa,RW
Côte d’Ivoire,2011,4.197,,,,,,,,,
Kenya,2011,4.18,2750.28663787693,,,,61.2827,,,Africa,KE
Angola,2011,4.178,7537.59656403345,,,,58.0931,,,Africa,AO
Guinea,2011,4.171,1705.27110438049,,,,56.7776,,,Africa,GN
Niger,2011,4.122,1064.41917390361,,,,57.6001,,0.5328,Africa,NE
Cambodia,2011,4.101,3223.10209351638,,,,67.8691,,0.5893,Asia,KH
Ethiopia,2011,4.064,1098.11515728787,,,,60.5947,,,Africa,ET
Liberia,2011,4.04,1040.76141404018,,,,59.4862,,,Africa,LR
DR Congo,2011,3.984,,,,,,,,,
Zimbabwe,2011,3.978,3047.31708873749,,,,53.9112,,0.6223,Africa,ZW
Mali,2011,3.967,2046.22567064388,,,,56.3673,,,Africa,ML
Burkina Faso,2011,3.926,1531.34338243982,,,,57.0011,,,Africa,BF
Chad,2011,3.919,2388.16512149441,,,,50.4258,,0.6094,Africa,TD
Georgia,2011,3.892,8563.83554915647,,,,72.4846,,0.6085,Asia,GE
Bulgaria,2011,3.889,15747.3476582908,,,,74.1693,,0.4723,Europe,BG
Congo,2011,3.82,,,,,62.2862,,0.6648,Africa,CG
Tanzania,2011,3.8,2211.466796875,,,,61.6176,,0.5885,,
Haiti,2011,3.789,2858.19645979435,,,,61.5812,,,Americas,HT
Comoros,2011,3.7,2471.78724731502,,,,63.1048,,,Africa,KM
Burundi,2011,3.678,628.665448296178,,,,57.8039,,,Africa,BI
Sierra Leone,2011,3.586,2042.70009101399,,,,52.5936,,0.5418,Africa,SL
Central African Republic,2011,3.568,980.185520951852,,,,50.107,,,Africa,CF
Benin,2011,3.493,2264.84186926384,,,,58.4618,,0.6254,Africa,BJ
Togo,2011,3.007,1615.98146436985,,,,57.6118,,0.6339,Africa,TG
